City_ID,City,Country,Date,Lat,Lng,Max Temp,Humidity,Cloudiness,Wind Speed
0,Kodiak,US,2021-06-10 21:24:16,57.79,-152.4072,46.65,98,100,10.07
1,Busselton,AU,2021-06-10 21:24:17,-33.65,115.3333,57.47,78,55,4.63
2,Luderitz,NA,2021-06-10 21:24:17,-26.6481,15.1594,57.52,69,3,1.43
3,Vaini,TO,2021-06-10 21:24:17,-21.2,-175.2,75.36,73,20,10.36
4,Jamestown,US,2021-06-10 21:23:54,42.097,-79.2353,84.09,63,3,10.54
5,Morgan City,US,2021-06-10 21:24:18,29.6994,-91.2068,92.03,62,18,9.66
6,Tiksi,RU,2021-06-10 21:24:18,71.6872,128.8694,36.03,85,100,2.73
7,Kyren,RU,2021-06-10 21:24:18,51.6828,102.1408,51.48,93,100,3.96
8,Carnarvon,AU,2021-06-10 21:24:19,-24.8667,113.6333,60.87,100,75,3.44
9,Punta Arenas,CL,2021-06-10 21:24:19,-53.15,-70.9167,37.51,81,90,6.91
10,Sorland,NO,2021-06-10 21:22:12,67.667,12.6934,53.67,97,100,24.79
11,Qaanaaq,GL,2021-06-10 21:24:19,77.484,-69.3632,40.91,77,66,7.23
12,Saint-Augustin,CA,2021-06-10 21:24:20,51.226,-58.6502,51.21,45,99,11.21
13,Tessalit,ML,2021-06-10 21:24:20,20.1986,1.0114,98.82,9,41,6.67
14,Comodoro Rivadavia,AR,2021-06-10 21:24:20,-45.8667,-67.5,48.06,61,0,4.61
15,Caborca,MX,2021-06-10 21:24:20,30.5838,-111.101,94.5,8,7,13.38
16,Adrar,MR,2021-06-10 21:24:21,20.5022,-10.0711,100.2,9,21,6.15
17,Hobart,AU,2021-06-10 21:20:45,-42.8794,147.3294,57.11,95,90,1.01
18,Atuona,PF,2021-06-10 21:24:21,-9.8,-139.0333,78.89,78,23,11.99
19,Mount Isa,AU,2021-06-10 21:24:22,-20.7333,139.5,47.97,49,55,5.75
20,Rikitea,PF,2021-06-10 21:24:22,-23.1203,-134.9692,72.72,69,100,16.08
21,Barrow,US,2021-06-10 21:24:22,71.2906,-156.7887,43.07,80,100,4.07
22,Raga,SS,2021-06-10 21:24:22,8.4596,25.678,80.13,50,74,4.83
23,Poroshkovo,UA,2021-06-10 21:24:23,48.6683,22.7533,58.01,91,80,5.41
24,Fortuna,US,2021-06-10 21:24:23,40.5982,-124.1573,73.18,58,1,1.01
25,Lumeje,AO,2021-06-10 21:24:23,-11.55,20.7833,61.84,49,70,6.02
26,Tabou,CI,2021-06-10 21:24:23,4.423,-7.3528,77.38,87,100,6.85
27,Kapaa,US,2021-06-10 21:24:24,22.0752,-159.319,82.38,80,31,4.0
28,Lagoa,PT,2021-06-10 21:24:24,39.05,-27.9833,66.06,92,10,9.06
29,Sitka,US,2021-06-10 21:24:24,57.0531,-135.33,52.65,86,100,2.15
30,Bambous Virieux,MU,2021-06-10 21:24:25,-20.3428,57.7575,75.22,78,75,10.36
31,Arraial Do Cabo,BR,2021-06-10 21:24:25,-22.9661,-42.0278,73.26,88,75,17.27
32,Torbay,CA,2021-06-10 21:24:25,47.6666,-52.7314,34.75,97,90,14.97
33,Ribeira Grande,PT,2021-06-10 21:24:25,38.5167,-28.7,67.87,90,30,5.44
34,Abu Kamal,SY,2021-06-10 21:24:26,34.4506,40.9171,83.37,19,0,16.93
35,Katsuura,JP,2021-06-10 21:24:26,35.1333,140.3,74.1,75,41,2.8
36,Brae,GB,2021-06-10 21:24:27,60.3964,-1.353,53.51,94,100,12.84
37,Massakory,TD,2021-06-10 21:24:27,12.996,15.7293,94.77,32,72,7.58
38,Semnan,IR,2021-06-10 21:24:27,35.5729,53.3971,80.4,36,0,9.31
39,Chapais,CA,2021-06-10 21:24:28,49.7834,-74.8492,62.38,27,81,5.32
40,Mataura,NZ,2021-06-10 21:24:28,-46.1927,168.8643,37.26,98,9,1.05
41,Georgetown,MY,2021-06-10 21:21:20,5.4112,100.3354,76.89,91,40,3.44
42,Avarua,CK,2021-06-10 21:24:28,-21.2078,-159.775,78.85,61,40,8.05
43,Castro,BR,2021-06-10 21:24:28,-24.7911,-50.0119,59.18,97,100,3.31
44,Kruisfontein,ZA,2021-06-10 21:24:29,-34.0033,24.7314,60.33,43,10,5.66
45,Ushuaia,AR,2021-06-10 21:21:35,-54.8,-68.3,37.06,70,75,4.61
46,Sambava,MG,2021-06-10 21:24:29,-14.2667,50.1667,68.72,81,0,9.48
47,Gold Coast,AU,2021-06-10 21:23:09,-28.0,153.4333,50.0,77,72,6.91
48,Teknaf,BD,2021-06-10 21:24:30,20.8624,92.3058,77.52,90,100,9.64
49,Port Lincoln,AU,2021-06-10 21:24:30,-34.7333,135.8667,54.21,72,99,1.45
50,Albany,US,2021-06-10 21:24:30,42.6001,-73.9662,82.62,34,44,6.82
51,Lebu,CL,2021-06-10 21:24:30,-37.6167,-73.65,52.81,72,84,2.93
52,Assiniboia,CA,2021-06-10 21:22:16,49.6334,-105.9845,73.22,64,92,20.71
53,Hilo,US,2021-06-10 21:23:39,19.7297,-155.09,85.28,91,32,1.99
54,Chokurdakh,RU,2021-06-10 21:24:31,70.6333,147.9167,43.61,50,43,7.14
55,Ponta Do Sol,PT,2021-06-10 21:24:31,32.6667,-17.1,74.03,53,3,3.8
56,Cape Town,ZA,2021-06-10 21:23:01,-33.9258,18.4232,59.09,93,90,9.22
57,Fort Nelson,CA,2021-06-10 21:24:32,58.8053,-122.7002,69.39,35,75,4.61
58,Izumo,JP,2021-06-10 21:24:32,35.3667,132.7667,67.95,77,0,5.75
59,Hithadhoo,MV,2021-06-10 21:24:32,-0.6,73.0833,83.14,73,100,9.4
60,New Norfolk,AU,2021-06-10 21:24:32,-42.7826,147.0587,56.75,87,100,1.01
61,Lapusnicel,RO,2021-06-10 21:24:33,44.9831,22.2269,59.36,84,86,4.79
62,Fairbanks,US,2021-06-10 21:20:03,64.8378,-147.7164,62.6,58,90,0.0
63,Mbekenyera,TZ,2021-06-10 21:24:33,-10.0,38.9833,64.98,79,13,4.74
64,Marrakesh,MA,2021-06-10 21:24:33,31.6315,-8.0083,91.47,18,71,4.61
65,Caravelas,BR,2021-06-10 21:24:34,-17.7125,-39.2481,72.66,83,7,4.63
66,Mahebourg,MU,2021-06-10 21:24:34,-20.4081,57.7,75.25,78,75,10.36
67,Valera,VE,2021-06-10 21:24:34,9.3178,-70.6036,83.32,63,68,3.0
68,San Patricio,US,2021-06-10 21:24:34,28.017,-97.5169,93.18,58,76,15.66
69,Pangnirtung,CA,2021-06-10 21:24:35,66.1451,-65.7125,37.4,81,90,14.97
70,East London,ZA,2021-06-10 21:24:35,-33.0153,27.9116,63.99,56,0,6.06
71,Srandakan,ID,2021-06-10 21:24:35,-7.9386,110.2506,59.74,91,94,4.0
72,Tahoua,NE,2021-06-10 21:24:36,14.8888,5.2692,96.78,32,0,4.61
73,Saint-Philippe,RE,2021-06-10 21:24:36,-21.3585,55.7679,72.95,81,40,12.15
74,Beringovskiy,RU,2021-06-10 21:24:36,63.05,179.3167,38.3,96,100,3.02
75,Izberbash,RU,2021-06-10 21:24:36,42.5696,47.8645,62.65,80,73,8.3
76,Nikolskoye,RU,2021-06-10 21:24:37,59.7035,30.7861,62.49,63,88,4.27
77,Gat,IL,2021-06-10 21:24:37,31.61,34.7642,72.81,74,8,4.56
78,Burnie,AU,2021-06-10 21:24:37,-41.0667,145.9167,53.92,89,42,5.84
79,Geraldton,AU,2021-06-10 21:24:37,-28.7667,114.6,61.21,100,90,4.61
80,Souillac,MU,2021-06-10 21:24:38,-20.5167,57.5167,75.36,78,75,10.36
81,Upernavik,GL,2021-06-10 21:24:38,72.7868,-56.1549,35.74,84,0,7.14
82,Emilio Carranza,MX,2021-06-10 21:24:38,19.9711,-96.6114,86.04,63,86,9.62
83,Kyzyl-Mazhalyk,RU,2021-06-10 21:24:39,51.1333,90.6,53.47,91,100,2.53
84,Ilulissat,GL,2021-06-10 21:23:53,69.2167,-51.1,37.42,87,25,4.61
85,Bluff,NZ,2021-06-10 21:24:39,-46.6,168.3333,42.37,84,21,1.45
86,Tarascon,FR,2021-06-10 21:24:39,43.8058,4.6603,78.64,55,9,9.37
87,Kattivakkam,IN,2021-06-10 21:24:40,13.2167,80.3167,87.89,80,100,9.82
88,Sedalia,US,2021-06-10 21:24:40,38.7045,-93.2283,91.56,53,8,1.01
89,Poya,NC,2021-06-10 21:24:40,-21.35,165.15,70.83,76,100,5.41
90,Tuktoyaktuk,CA,2021-06-10 21:24:40,69.4541,-133.0374,53.6,66,20,3.44
91,Longyearbyen,SJ,2021-06-10 21:24:41,78.2186,15.6401,35.44,64,75,2.3
92,Chuy,UY,2021-06-10 21:24:41,-33.6971,-53.4616,60.69,86,91,7.4
93,Jalu,LY,2021-06-10 21:24:41,29.0331,21.5482,77.11,43,90,20.31
94,Mayumba,GA,2021-06-10 21:24:42,-3.432,10.6554,75.25,92,88,4.0
95,Bilibino,RU,2021-06-10 21:24:42,68.0546,166.4372,44.92,64,100,3.67
96,La Ronge,CA,2021-06-10 21:24:42,55.1001,-105.2842,64.62,72,90,10.36
97,Bundaberg,AU,2021-06-10 21:24:42,-24.85,152.35,50.22,68,100,1.01
98,Shemonaikha,KZ,2021-06-10 21:24:43,50.6328,81.9056,46.81,83,79,8.39
99,Kenai,US,2021-06-10 21:24:43,60.5544,-151.2583,62.02,70,100,7.34
100,Santiago Del Estero,AR,2021-06-10 21:21:27,-27.7951,-64.2615,71.28,50,96,7.81
101,Kiunga,PG,2021-06-10 21:24:43,-6.1219,141.2906,73.56,96,100,2.06
102,Puerto Ayora,EC,2021-06-10 21:24:44,-0.7393,-90.3518,80.56,90,52,5.99
103,Khatanga,RU,2021-06-10 21:24:44,71.9667,102.5,35.35,93,100,17.31
104,Bengkulu,ID,2021-06-10 21:24:44,-3.8004,102.2655,74.12,90,70,4.38
105,Itoman,JP,2021-06-10 21:24:44,26.1247,127.6694,78.82,94,75,4.61
106,Turukhansk,RU,2021-06-10 21:24:45,65.8167,87.9833,32.41,93,67,5.3
107,Kiboga,UG,2021-06-10 21:24:45,0.9161,31.7742,61.11,90,48,2.8
108,Pevek,RU,2021-06-10 21:24:45,69.7008,170.3133,33.64,86,15,3.36
109,Bhaderwah,IN,2021-06-10 21:24:46,32.9784,75.7186,69.35,64,5,1.61
110,Puerto Penasco,MX,2021-06-10 21:24:46,31.3167,-113.5333,83.91,62,40,8.01
111,Anadyr,RU,2021-06-10 21:24:46,64.75,177.4833,39.7,100,90,1.99
112,Buala,SB,2021-06-10 21:24:46,-8.145,159.5921,82.09,80,86,10.63
113,Umm Lajj,SA,2021-06-10 21:24:47,25.0213,37.2685,86.29,49,0,6.67
114,Saint George,US,2021-06-10 21:21:15,37.1041,-113.5841,87.64,7,0,4.0
115,Cayenne,GF,2021-06-10 21:24:47,4.9333,-52.3333,82.44,81,20,5.99
116,Banda Aceh,ID,2021-06-10 21:24:47,5.5577,95.3222,80.6,74,100,13.98
117,Bethel,US,2021-06-10 21:24:48,41.3712,-73.414,84.09,56,58,10.31
118,Butaritari,KI,2021-06-10 21:24:48,3.0707,172.7902,83.26,74,87,13.94
119,Rognan,NO,2021-06-10 21:24:48,67.0953,15.3878,58.05,87,100,2.62
120,Colchester,GB,2021-06-10 21:24:48,51.8892,0.9042,67.82,93,7,7.74
121,Eskil,TR,2021-06-10 21:24:49,38.4017,33.4131,60.04,67,39,5.61
122,Provideniya,RU,2021-06-10 21:24:49,64.3833,-173.3,37.51,81,90,11.18
123,Olinda,BR,2021-06-10 21:24:49,-8.0089,-34.8553,74.93,78,40,6.91
124,Huambo,AO,2021-06-10 21:24:50,-12.7761,15.7392,56.89,47,30,2.08
125,Vanavara,RU,2021-06-10 21:24:50,60.34,102.2797,36.43,77,87,3.4
126,Nanortalik,GL,2021-06-10 21:24:50,60.1432,-45.2371,37.51,89,100,4.38
127,Port Elizabeth,ZA,2021-06-10 21:24:50,-33.918,25.5701,53.89,82,40,2.3
128,Benton Harbor,US,2021-06-10 21:24:51,42.1167,-86.4542,87.76,80,37,7.09
129,Sola,VU,2021-06-10 21:24:51,-13.8833,167.55,81.27,74,90,0.0
130,Mount Gambier,AU,2021-06-10 21:24:51,-37.8333,140.7667,53.51,94,72,6.91
131,Hasaki,JP,2021-06-10 21:24:52,35.7333,140.8333,68.4,75,10,5.3
132,San Cosme Y Damian,PY,2021-06-10 21:24:12,-27.3167,-56.35,68.18,73,15,9.04
133,Cabo San Lucas,MX,2021-06-10 21:20:04,22.8909,-109.9124,103.51,24,1,9.22
134,Cidreira,BR,2021-06-10 21:24:52,-30.1811,-50.2056,61.9,97,100,5.82
135,Meulaboh,ID,2021-06-10 21:24:52,4.1363,96.1285,76.12,77,98,2.93
136,Bozoum,CF,2021-06-10 21:24:53,6.3193,16.3799,73.94,70,83,3.02
137,Shelbyville,US,2021-06-10 21:23:45,35.4834,-86.4603,82.67,62,90,8.05
138,Bredasdorp,ZA,2021-06-10 21:24:53,-34.5322,20.0403,54.72,94,74,1.14
139,Umtata,ZA,2021-06-10 21:24:53,-31.5889,28.7844,52.21,66,0,4.45
140,Dikson,RU,2021-06-10 21:24:54,73.5069,80.5464,29.28,91,99,13.65
141,Luena,AO,2021-06-10 21:24:54,-11.7833,19.9167,55.83,57,70,4.38
142,Tasiilaq,GL,2021-06-10 21:24:54,65.6145,-37.6368,39.36,93,100,7.47
143,Saldanha,ZA,2021-06-10 21:24:54,-33.0117,17.9442,59.05,74,70,8.61
144,Cockburn Town,TC,2021-06-10 21:24:55,21.4612,-71.1419,80.1,77,7,14.94
145,Avera,US,2021-06-10 21:24:55,33.194,-82.5271,91.45,49,100,9.33
146,Kyshtovka,RU,2021-06-10 21:24:55,56.555,76.6271,47.34,65,100,0.72
147,Bull Savanna,JM,2021-06-10 21:24:56,17.8868,-77.5902,83.03,66,89,15.55
148,Pontianak,ID,2021-06-10 21:24:56,-0.0333,109.3333,76.98,100,75,2.3
149,Te Anau,NZ,2021-06-10 21:24:56,-45.4167,167.7167,41.23,92,24,1.07
150,Rawson,AR,2021-06-10 21:20:53,-43.3002,-65.1023,49.59,45,80,8.14
151,Khasan,RU,2021-06-10 21:24:57,42.4308,130.6434,58.15,99,100,3.76
152,Axim,GH,2021-06-10 21:24:57,4.8699,-2.2405,77.97,86,100,5.39
153,Kaitangata,NZ,2021-06-10 21:24:57,-46.2817,169.8464,38.7,94,15,3.38
154,Felanitx,ES,2021-06-10 21:24:57,39.4696,3.1483,74.95,62,67,1.81
155,Hermanus,ZA,2021-06-10 21:24:58,-34.4187,19.2345,55.9,86,78,7.76
156,Biak,ID,2021-06-10 21:24:58,-0.9131,122.8766,75.96,86,42,5.97
157,Bilma,NE,2021-06-10 21:24:58,18.6853,12.9164,96.04,9,18,6.46
158,Lorengau,PG,2021-06-10 21:24:59,-2.0226,147.2712,81.14,81,68,11.18
159,Fomboni,KM,2021-06-10 21:24:59,-12.28,43.7425,78.19,63,0,14.88
160,Lazaro Cardenas,MX,2021-06-10 21:24:59,17.9583,-102.2,88.74,60,24,11.9
161,Prescott,US,2021-06-10 21:24:59,34.54,-112.4685,88.27,14,70,5.99
162,La Asuncion,VE,2021-06-10 21:25:00,11.0333,-63.8628,89.33,70,92,9.22
163,Acapulco,MX,2021-06-10 21:25:00,16.8634,-99.8901,85.82,70,90,8.05
164,Paita,PE,2021-06-10 21:25:00,-5.0892,-81.1144,77.56,72,10,19.84
165,Komsomolskiy,UZ,2021-06-10 21:25:01,40.4272,71.7189,79.52,25,1,11.5
166,Port Alfred,ZA,2021-06-10 21:25:01,-33.5906,26.891,65.1,53,0,7.9
167,Port-Gentil,GA,2021-06-10 21:25:01,-0.7193,8.7815,78.76,89,75,10.36
168,Katangli,RU,2021-06-10 21:25:02,51.7102,143.2326,60.42,73,100,12.28
169,Coihaique,CL,2021-06-10 21:25:03,-45.5752,-72.0662,39.81,100,90,0.0
170,Ancud,CL,2021-06-10 21:25:04,-41.8697,-73.8203,49.53,90,100,20.94
171,Cherskiy,RU,2021-06-10 21:25:04,68.75,161.3,40.05,67,98,15.32
172,Auki,SB,2021-06-10 21:25:04,-8.7676,160.7034,80.19,81,55,4.56
173,Gannan,CN,2021-06-10 21:25:05,47.9147,123.5031,61.56,62,6,6.35
174,Baillif,GP,2021-06-10 21:25:05,16.0202,-61.7463,83.7,75,100,15.73
175,Manaure,CO,2021-06-10 21:25:05,11.7751,-72.4445,88.68,55,53,12.48
176,Vostok,RU,2021-06-10 21:25:05,46.4856,135.8833,61.88,65,100,4.0
177,Lata,PT,2021-06-10 21:25:06,40.1629,-8.3327,68.04,88,52,2.55
178,Raudeberg,NO,2021-06-10 21:25:06,61.9875,5.1352,61.47,87,52,20.94
179,Leningradskiy,RU,2021-06-10 21:25:06,69.3833,178.4167,34.27,90,69,6.69
180,George,ZA,2021-06-10 21:25:07,-33.963,22.4617,54.95,100,90,4.61
181,Wajima,JP,2021-06-10 21:25:07,37.4,136.9,69.42,71,100,3.38
182,Nishihara,JP,2021-06-10 21:25:07,26.1842,127.7558,78.08,94,75,4.61
183,Qujing,CN,2021-06-10 21:25:08,25.4833,103.7833,58.51,92,100,2.71
184,Aklavik,CA,2021-06-10 21:25:08,68.2191,-135.0107,79.52,31,40,8.05
185,Kununurra,AU,2021-06-10 21:25:08,-15.7667,128.7333,53.58,54,99,0.0
186,Tulsipur,NP,2021-06-10 21:25:08,28.131,82.2973,78.26,75,92,2.08
187,Peruibe,BR,2021-06-10 21:25:09,-24.32,-46.9983,68.22,96,100,3.15
188,Lima,PE,2021-06-10 21:24:37,-12.0432,-77.0282,62.85,84,90,5.75
189,Charagua,BO,2021-06-10 21:25:09,-19.8,-63.2167,76.57,52,42,9.69
190,Sioux Lookout,CA,2021-06-10 21:25:09,50.1001,-91.917,64.78,88,90,10.36
191,Kisaran,ID,2021-06-10 21:25:10,2.9845,99.6158,75.2,90,100,1.88
192,Allende,MX,2021-06-10 21:25:10,25.2833,-100.0167,99.75,26,0,7.78
193,Pisco,PE,2021-06-10 21:25:10,-13.7,-76.2167,70.02,68,20,6.91
194,Paragominas,BR,2021-06-10 21:25:10,-2.9667,-47.4833,75.31,96,100,1.92
195,Matamoros,MX,2021-06-10 21:21:00,25.5333,-103.25,102.31,16,1,0.0
196,Contai,IN,2021-06-10 21:25:11,21.7786,87.7536,80.19,86,100,5.5
197,Tuatapere,NZ,2021-06-10 21:25:11,-46.1333,167.6833,41.25,93,8,1.41
198,Yellowknife,CA,2021-06-10 21:25:11,62.456,-114.3525,52.32,76,75,13.8
199,Kuhdasht,IR,2021-06-10 21:25:12,33.535,47.6061,66.7,19,0,8.55
200,Victoria,HK,2021-06-10 21:20:33,22.2855,114.1577,82.45,87,89,1.01
201,Lucea,JM,2021-06-10 21:25:12,18.451,-78.1736,82.26,77,79,4.09
202,Behat,IN,2021-06-10 21:25:12,30.1667,77.6167,85.82,57,84,7.07
203,Porbandar,IN,2021-06-10 21:25:13,21.6422,69.6093,84.97,78,15,16.33
204,Thompson,CA,2021-06-10 21:25:13,55.7435,-97.8558,60.96,63,90,10.36
205,Talnakh,RU,2021-06-10 21:25:13,69.4865,88.3972,31.01,90,97,2.93
206,Christchurch,NZ,2021-06-10 21:20:19,-43.5333,172.6333,48.9,96,90,1.01
207,Kogon,UZ,2021-06-10 21:25:13,39.7228,64.5517,78.84,27,0,9.22
208,Iquique,CL,2021-06-10 21:22:19,-20.2208,-70.1431,62.64,77,40,7.7
209,Vila,PT,2021-06-10 21:25:14,42.0304,-8.1588,67.69,67,99,3.98
210,Severo-Kurilsk,RU,2021-06-10 21:25:14,50.6789,156.125,47.93,84,60,7.25
211,Mont-Dore,NC,2021-06-10 21:25:14,-22.2833,166.5833,69.01,99,100,6.78
212,Kailua,US,2021-06-10 21:25:15,21.4022,-157.7394,83.14,71,75,14.97
213,Lavrentiya,RU,2021-06-10 21:25:15,65.5833,-171.0,34.63,97,100,4.72
214,Belaya Gora,RU,2021-06-10 21:25:15,68.5333,146.4167,48.52,47,7,4.99
215,Omboue,GA,2021-06-10 21:25:16,-1.5746,9.2618,75.13,93,82,5.88
216,Labuhan,ID,2021-06-10 21:25:16,-6.8844,112.2051,77.31,86,9,5.66
217,Vilhena,BR,2021-06-10 21:25:16,-12.7406,-60.1458,82.62,44,20,6.91
218,Rehoboth,NA,2021-06-10 21:25:17,-23.3167,17.0833,58.35,29,0,5.84
219,Virtsu,EE,2021-06-10 21:25:17,58.5716,23.5115,59.95,79,72,6.02
220,Sokolo,ML,2021-06-10 21:21:08,14.7328,-6.1219,90.48,27,57,10.69
221,Tambacounda,SN,2021-06-10 21:25:17,13.7539,-13.7586,95.05,46,20,4.61
222,Codrington,AU,2021-06-10 21:25:17,-38.2667,141.9667,47.32,93,6,7.81
223,Hami,CN,2021-06-10 21:25:18,42.8,93.45,78.42,19,85,9.66
224,Severodvinsk,RU,2021-06-10 21:25:18,64.5635,39.8302,50.11,57,13,6.53
225,Buin,CL,2021-06-10 21:25:18,-33.7333,-70.75,68.05,36,15,1.72
226,Bay City,US,2021-06-10 21:25:19,43.5945,-83.8889,90.16,58,1,3.44
227,Namibe,AO,2021-06-10 21:25:19,-15.1961,12.1522,73.27,58,0,8.25
228,Dire Dawa,ET,2021-06-10 21:25:19,9.5931,41.8661,72.07,68,76,17.58
229,Saint-Pierre,RE,2021-06-10 21:25:19,-21.3393,55.4781,73.04,82,90,6.91
230,Narsaq,GL,2021-06-10 21:25:20,60.9167,-46.05,48.42,79,100,6.17
231,Bentiu,SS,2021-06-10 21:25:20,9.2333,29.8333,83.73,50,53,4.68
232,Dingle,PH,2021-06-10 21:25:20,10.9995,122.6711,76.05,90,98,2.39
233,Road Town,VG,2021-06-10 21:25:21,18.4167,-64.6167,79.2,78,94,13.42
234,Juterbog,DE,2021-06-10 21:25:21,51.9833,13.0833,71.71,59,100,4.76
235,Bonthe,SL,2021-06-10 21:25:21,7.5264,-12.505,78.03,83,100,7.25
236,Maturin,VE,2021-06-10 21:25:22,9.75,-63.1767,79.36,83,63,7.63
237,Atlantic City,US,2021-06-10 21:25:22,39.3643,-74.4229,81.37,63,20,18.41
238,Santa Maria,BR,2021-06-10 21:25:22,-29.6842,-53.8069,63.7,94,40,3.44
239,Saskylakh,RU,2021-06-10 21:25:22,71.9167,114.0833,46.38,89,100,13.49
240,Klyuchi,RU,2021-06-10 21:25:23,52.2667,79.1667,48.0,65,3,8.79
241,Zelenets,RU,2021-06-10 21:25:23,61.8849,50.7489,50.25,56,32,2.82
242,Flinders,AU,2021-06-10 21:25:23,-34.5833,150.8552,43.88,91,73,1.01
243,Lukovetskiy,RU,2021-06-10 21:25:24,64.2956,41.9211,49.98,62,23,2.33
244,Faanui,PF,2021-06-10 21:25:24,-16.4833,-151.75,80.85,74,0,6.55
245,Shingu,JP,2021-06-10 21:25:24,33.7333,135.9833,70.92,89,99,4.99
246,Popondetta,PG,2021-06-10 21:25:24,-8.7537,148.2534,73.06,90,40,2.89
247,Mehamn,NO,2021-06-10 21:25:25,71.0357,27.8492,55.22,80,100,10.54
248,Along,IN,2021-06-10 21:25:25,28.1667,94.7667,71.74,96,73,1.95
249,Iqaluit,CA,2021-06-10 21:24:59,63.7506,-68.5145,35.33,80,90,24.16
250,Yagodnoye,RU,2021-06-10 21:25:25,62.55,149.6667,45.12,61,82,8.97
251,Chifeng,CN,2021-06-10 21:25:26,42.2683,118.9636,65.64,36,0,6.2
252,Hovd,MN,2021-06-10 21:25:26,48.0056,91.6419,57.16,58,78,1.05
253,Ahipara,NZ,2021-06-10 21:25:26,-35.1667,173.1667,61.43,86,100,9.22
254,Siderno,IT,2021-06-10 21:25:27,38.2779,16.302,72.19,85,40,11.32
255,Simpang,ID,2021-06-10 21:25:27,-1.2667,104.0833,73.98,96,89,2.42
256,Thinadhoo,MV,2021-06-10 21:21:14,0.5333,72.9333,83.37,72,100,8.88
257,Pacific Grove,US,2021-06-10 21:25:27,36.6177,-121.9166,76.57,70,0,10.0
258,Kamaishi,JP,2021-06-10 21:25:27,39.2667,141.8833,66.67,70,25,9.08
259,Osinovo,RU,2021-06-10 21:25:28,55.8809,48.881,59.09,80,82,9.24
260,Dickinson,US,2021-06-10 21:25:28,29.4608,-95.0513,94.21,71,67,5.01
261,Miles City,US,2021-06-10 21:25:28,46.4083,-105.8406,96.51,22,2,13.15
262,Garden City,US,2021-06-10 21:20:52,42.3256,-83.331,89.87,60,6,1.99
263,Cervo,ES,2021-06-10 21:25:29,43.6702,-7.4101,63.19,95,57,8.79
264,Manzanillo,CU,2021-06-10 21:25:29,20.3433,-77.1167,83.73,69,83,4.85
265,Salalah,OM,2021-06-10 21:25:29,17.0151,54.0924,84.29,84,75,4.61
266,Seidu,SL,2021-06-10 21:25:30,9.0167,-10.6,70.97,98,100,1.79
267,Pervomayskoye,RU,2021-06-10 21:25:30,43.919,46.7102,63.21,79,75,6.02
268,Bumba,CD,2021-06-10 21:25:30,2.1833,22.4667,74.73,84,65,1.52
269,Isangel,VU,2021-06-10 21:25:30,-19.55,169.2667,74.23,71,100,10.33
270,Bandarbeyla,SO,2021-06-10 21:25:31,9.4942,50.8122,79.75,79,94,35.3
271,Mildura,AU,2021-06-10 21:25:31,-34.2,142.15,46.36,100,75,5.75
272,Dukat,RU,2021-06-10 21:25:31,62.55,155.55,36.36,88,100,2.55
273,Strezhevoy,RU,2021-06-10 21:25:32,60.7333,77.5889,46.38,72,23,0.67
274,Ola,RU,2021-06-10 21:25:32,59.5833,151.2833,50.95,53,97,15.05
275,Touros,BR,2021-06-10 21:25:32,-5.1989,-35.4608,79.7,75,84,14.05
276,Nalut,LY,2021-06-10 21:25:33,30.3333,10.85,77.22,19,0,8.9
277,Mnogovershinnyy,RU,2021-06-10 21:25:33,53.9353,139.9242,60.73,75,100,2.33
278,Karratha,AU,2021-06-10 21:25:33,-20.7377,116.8463,74.41,59,98,4.05
279,Grand Gaube,MU,2021-06-10 21:25:33,-20.0064,57.6608,75.38,69,52,5.99
280,Miraflores,MX,2021-06-10 21:25:34,19.2167,-98.8083,74.16,41,71,3.85
281,Kosh-Agach,RU,2021-06-10 21:25:34,50.0,88.6667,48.97,76,88,5.59
282,Miri,MY,2021-06-10 21:21:00,4.4148,114.0089,77.14,100,40,5.75
283,Xinmin,CN,2021-06-10 21:25:34,41.9908,122.8253,64.65,97,100,5.44
284,Aloleng,PH,2021-06-10 21:25:35,16.1307,119.7824,79.77,82,100,14.92
285,Tigil,RU,2021-06-10 21:25:35,57.8,158.6667,52.11,66,100,9.13
286,Beboto,TD,2021-06-10 21:25:35,8.2668,16.939,76.98,66,71,4.03
287,Soto La Marina,MX,2021-06-10 21:25:35,23.7667,-98.2167,97.12,40,0,18.66
288,Pimentel,PE,2021-06-10 21:25:36,-6.8367,-79.9342,68.29,84,90,5.01
289,Mahon,ES,2021-06-10 21:21:20,39.8885,4.2658,68.56,83,0,2.3
290,San Lorenzo,PY,2021-06-10 21:25:36,-25.3333,-57.5333,67.14,88,20,10.36
291,Lebanon,US,2021-06-10 21:25:36,36.2081,-86.2911,85.53,71,1,5.75
292,Portland,US,2021-06-10 21:22:35,45.5234,-122.6762,67.6,50,99,5.01
293,Belmonte,BR,2021-06-10 21:25:37,-15.8631,-38.8828,75.7,78,23,6.78
294,Bedford,GB,2021-06-10 21:21:52,52.1346,-0.4663,67.73,85,19,7.83
295,Ofaqim,IL,2021-06-10 21:25:37,31.3141,34.6203,72.73,70,6,6.24
296,Rayagada,IN,2021-06-10 21:25:37,19.1667,83.4167,78.26,83,97,2.86
297,Bathsheba,BB,2021-06-10 21:25:38,13.2167,-59.5167,84.81,58,20,18.41
298,Waitati,NZ,2021-06-10 21:25:38,-45.75,170.5667,45.81,89,0,2.91
299,Seminole,US,2021-06-10 21:25:38,28.7086,-81.2081,98.37,37,79,3.0
300,Alekseyevka,RU,2021-06-10 21:25:39,50.6309,38.6903,60.1,86,80,2.17
301,Kahului,US,2021-06-10 21:25:39,20.8947,-156.47,83.46,80,8,14.56
302,Richards Bay,ZA,2021-06-10 21:25:39,-28.783,32.0377,63.32,86,100,4.16
303,Takoradi,GH,2021-06-10 21:25:39,4.8845,-1.7554,79.25,82,100,6.31
304,Muros,ES,2021-06-10 21:25:40,42.7762,-9.0603,70.84,70,26,12.21
305,Bara,NG,2021-06-10 21:25:40,10.3744,10.7288,76.48,75,99,7.94
306,Dubbo,AU,2021-06-10 21:25:40,-32.25,148.6167,39.33,94,90,4.61
307,Mar Del Plata,AR,2021-06-10 21:25:41,-38.0023,-57.5575,53.62,64,20,5.01
308,Gao,ML,2021-06-10 21:25:41,16.6362,1.637,93.36,24,13,11.16
309,Natchez,US,2021-06-10 21:25:41,31.5604,-91.4032,88.25,58,40,6.91
310,Aleksandriya,RU,2021-06-10 21:25:41,45.0947,43.2456,60.75,82,39,2.89
311,Qaqortoq,GL,2021-06-10 21:25:42,60.7167,-46.0333,48.7,80,100,5.35
312,Grand Forks,US,2021-06-10 21:25:42,47.9417,-97.4337,84.13,65,1,12.66
313,Nantucket,US,2021-06-10 21:25:42,41.2835,-70.0995,66.61,66,100,20.51
314,Tambopata,PE,2021-06-10 21:25:43,-12.7333,-69.1833,77.25,94,100,1.05
315,Sao Felix Do Xingu,BR,2021-06-10 21:25:43,-6.6447,-51.995,80.4,56,100,1.81
316,Riberalta,BO,2021-06-10 21:25:43,-10.9833,-66.1,89.8,55,40,5.75
317,Wladyslawowo,PL,2021-06-10 21:25:43,54.7909,18.4009,58.93,86,55,6.26
318,Memari,IN,2021-06-10 21:25:44,23.2,88.1167,80.46,84,100,4.5
319,Kodinsk,RU,2021-06-10 21:25:44,58.6881,99.1844,35.67,82,8,2.93
320,Hambantota,LK,2021-06-10 21:25:44,6.1241,81.1185,77.34,100,20,5.75
321,Pachino,IT,2021-06-10 21:25:45,36.7186,15.0907,70.59,66,59,4.54
322,Atar,MR,2021-06-10 21:25:45,20.5169,-13.0499,101.95,13,66,5.53
323,Machico,PT,2021-06-10 21:25:45,32.7,-16.7667,74.03,40,20,14.97
324,Bonaventure,CA,2021-06-10 21:25:46,48.0457,-65.4926,61.39,62,80,5.75
325,Cooma,AU,2021-06-10 21:25:46,-36.2333,149.1333,38.97,100,90,10.36
326,Kismayo,SO,2021-06-10 21:25:46,-0.3582,42.5454,78.08,77,99,16.11
327,Weligama,LK,2021-06-10 21:25:46,5.9667,80.4167,78.75,86,24,11.56
328,Longido,TZ,2021-06-10 21:25:47,-2.7333,36.6833,61.54,75,11,10.16
329,Esperance,AU,2021-06-10 21:25:47,-33.8667,121.9,60.64,91,100,8.03
330,Palana,RU,2021-06-10 21:25:47,59.1167,159.9667,38.62,87,98,12.08
331,Stornoway,GB,2021-06-10 21:25:48,58.2093,-6.3865,53.92,94,90,23.02
332,Akdagmadeni,TR,2021-06-10 21:25:48,39.6603,35.8836,52.86,83,100,2.8
333,Kallithea,GR,2021-06-10 21:25:48,37.95,23.7,74.46,66,40,1.01
334,Bhuj,IN,2021-06-10 21:25:48,23.2667,69.6667,83.59,78,12,15.9
335,Flin Flon,CA,2021-06-10 21:25:49,54.7682,-101.865,57.04,88,90,10.36
336,Albemarle,US,2021-06-10 21:25:49,35.3501,-80.2001,87.69,70,90,13.8
337,Valer,NO,2021-06-10 21:25:49,60.6785,11.8331,64.85,87,47,4.76
338,Los Llanos De Aridane,ES,2021-06-10 21:25:49,28.6585,-17.9182,75.13,74,0,12.66
339,Athabasca,CA,2021-06-10 21:25:50,54.7169,-113.2854,57.02,79,100,6.49
340,Zeya,RU,2021-06-10 21:25:50,53.75,127.2667,56.3,91,77,0.94
341,Sao Filipe,CV,2021-06-10 21:25:50,14.8961,-24.4956,74.16,79,100,6.53
342,Baykalovo,RU,2021-06-10 21:25:51,57.3981,63.7684,47.82,81,7,2.06
343,North Adams,US,2021-06-10 21:25:51,42.7009,-73.1087,81.68,38,84,1.01
344,Kutum,SD,2021-06-10 21:25:11,14.2,24.6667,83.43,26,87,4.12
345,Oranjemund,NA,2021-06-10 21:25:51,-28.55,16.4333,58.48,60,21,0.63
346,Carupano,VE,2021-06-10 21:25:52,10.6678,-63.2585,78.26,85,100,5.5
347,Clyde River,CA,2021-06-10 21:25:52,70.4692,-68.5914,37.63,81,20,29.93
348,Pemba,MZ,2021-06-10 21:25:52,-12.974,40.5178,74.39,69,3,12.68
349,Clinton,US,2021-06-10 21:25:52,42.587,-82.9199,89.56,59,20,1.01
350,Hamilton,US,2021-06-10 21:21:15,39.1834,-84.5333,85.95,74,71,1.99
351,Yerbogachen,RU,2021-06-10 21:25:53,61.2767,108.0108,41.88,77,10,3.0
352,Dubai,AE,2021-06-10 21:22:12,25.2582,55.3047,89.85,70,0,5.75
353,Kavieng,PG,2021-06-10 21:23:10,-2.5744,150.7967,82.89,76,90,16.2
354,Arteaga,MX,2021-06-10 21:25:53,18.4667,-102.4167,83.21,46,53,6.26
355,Sakakah,SA,2021-06-10 21:25:54,29.9697,40.2064,85.57,14,0,7.25
356,Yilan,TW,2021-06-10 21:25:54,24.757,121.753,82.02,99,100,2.44
357,Mezen,RU,2021-06-10 21:25:54,65.8522,44.24,55.71,51,14,5.59
358,Skopelos,GR,2021-06-10 21:25:54,39.1247,23.7247,67.21,68,2,5.46
359,Carutapera,BR,2021-06-10 21:25:55,-1.195,-46.02,77.29,93,96,2.91
360,Constitucion,CL,2021-06-10 21:25:55,-35.3333,-72.4167,56.66,73,1,12.17
361,Cavalcante,BR,2021-06-10 21:25:55,-13.7975,-47.4583,73.78,48,24,4.0
362,Tomatlan,MX,2021-06-10 21:25:56,19.9333,-105.25,93.2,38,0,11.36
363,Ignacio Zaragoza,MX,2021-06-10 21:25:56,28.3833,-107.2167,92.75,11,26,10.94
364,Manicore,BR,2021-06-10 21:25:56,-5.8092,-61.3003,84.87,60,100,2.28
365,Kokopo,PG,2021-06-10 21:25:57,-4.352,152.2633,76.66,83,50,4.54
366,Yekaterinoslavka,RU,2021-06-10 21:25:57,50.3734,129.1139,57.69,96,42,8.12
367,Merauke,ID,2021-06-10 21:25:57,-8.4667,140.3333,76.5,90,60,11.3
368,Stromness,GB,2021-06-10 21:25:57,58.965,-3.296,61.05,98,95,7.67
369,Lompoc,US,2021-06-10 21:25:58,34.6391,-120.4579,84.56,54,40,5.99
370,Port Hedland,AU,2021-06-10 21:25:58,-20.3167,118.5667,66.25,82,66,4.61
371,Linqing,CN,2021-06-10 21:25:58,36.8456,115.7117,69.96,74,2,0.27
372,Ladnun,IN,2021-06-10 21:25:58,27.65,74.3833,94.1,33,0,21.07
373,Doka,SD,2021-06-10 21:25:59,13.5167,35.7667,78.03,60,100,12.15
374,Shenjiamen,CN,2021-06-10 21:25:59,29.9576,122.298,72.97,97,100,7.9
375,Bone,DE,2021-06-10 21:25:59,51.9669,12.1396,67.42,80,100,5.28
376,Krasnoselkup,RU,2021-06-10 21:26:00,65.7,82.4667,39.65,68,100,7.52
377,Berezovyy,RU,2021-06-10 21:26:00,51.6667,135.7,62.02,89,100,3.18
378,Airai,TL,2021-06-10 21:26:00,-8.9266,125.4092,57.61,94,100,2.86
379,Vao,NC,2021-06-10 21:26:00,-22.6667,167.4833,72.34,71,100,14.85
380,Awbari,LY,2021-06-10 21:26:01,26.5921,12.7805,82.63,24,0,6.22
381,Okhotsk,RU,2021-06-10 21:26:01,59.3833,143.3,50.11,63,88,11.9
382,Ambositra,MG,2021-06-10 21:26:01,-20.5167,47.25,51.4,87,100,3.33
383,Manggar,ID,2021-06-10 21:26:02,-2.8833,108.2667,81.23,76,53,5.12
384,Severo-Yeniseyskiy,RU,2021-06-10 21:26:02,60.3725,93.0408,28.74,88,20,3.6
385,Voznesenye,RU,2021-06-10 21:26:02,61.0106,35.4781,53.19,60,8,2.35
386,Rawlins,US,2021-06-10 21:23:37,41.7911,-107.2387,86.43,9,0,34.74
387,Dong Hoi,VN,2021-06-10 21:26:03,17.4833,106.6,78.76,84,100,5.23
388,Tazovskiy,RU,2021-06-10 21:26:03,67.4667,78.7,40.84,75,99,10.29
389,Krasnogorodsk,RU,2021-06-10 21:26:03,56.8357,28.2822,54.5,67,44,4.07
390,Kavaratti,IN,2021-06-10 21:26:04,10.5669,72.642,83.61,74,97,15.12
391,Samoylovka,RU,2021-06-10 21:26:04,51.184,43.7081,58.39,90,38,6.55
392,Skjervoy,NO,2021-06-10 21:26:04,70.0311,20.9714,53.92,74,100,2.77
393,Hardenberg,NL,2021-06-10 21:26:04,52.5758,6.6194,68.32,82,84,1.99
394,Saint-Georges,GD,2021-06-10 21:26:05,12.0564,-61.7485,85.68,70,20,19.57
395,Mandalgovi,MN,2021-06-10 21:26:05,45.7625,106.2708,59.36,53,39,9.69
396,Gibara,CU,2021-06-10 21:26:05,21.1097,-76.1317,83.52,74,52,14.63
397,Oranjestad,AW,2021-06-10 21:25:08,12.524,-70.027,84.9,77,75,8.01
398,Puerto Baquerizo Moreno,EC,2021-06-10 21:22:42,-0.9,-89.6,72.59,94,90,11.5
399,Tommot,RU,2021-06-10 21:26:06,58.9564,126.2925,49.51,91,100,2.24
400,Novikovo,RU,2021-06-10 21:26:06,51.1537,37.8879,59.5,86,6,0.16
401,Kursk,RU,2021-06-10 21:26:06,51.7303,36.1939,57.4,94,100,0.0
402,Mount Pleasant,US,2021-06-10 21:25:12,32.7941,-79.8626,86.02,79,1,1.01
403,San Policarpo,PH,2021-06-10 21:26:07,12.1791,125.5072,78.55,85,100,5.26
404,Sao Joao Da Barra,BR,2021-06-10 21:26:07,-21.6403,-41.0511,73.49,87,5,11.25
405,Baglan,AF,2021-06-10 21:26:07,36.1307,68.7083,82.0,18,0,4.29
406,Coos Bay,US,2021-06-10 21:26:08,43.3665,-124.2179,72.86,56,100,14.03
407,Praia,CV,2021-06-10 21:26:08,14.9215,-23.5087,75.74,78,20,11.5
408,Narnaund,IN,2021-06-10 21:26:08,29.2167,76.15,93.11,37,1,12.44
409,Gualaceo,EC,2021-06-10 21:26:09,-2.9,-78.7833,76.66,63,79,5.82
410,Cape Coast,GH,2021-06-10 21:26:09,5.1053,-1.2466,79.88,80,100,7.61
411,Santarem,BR,2021-06-10 21:26:09,-2.4431,-54.7083,77.13,88,75,5.75
412,Sistranda,NO,2021-06-10 21:26:09,63.7256,8.834,62.56,86,96,7.16
413,Jieshi,CN,2021-06-10 21:26:10,22.8134,115.8257,81.95,88,42,14.56
414,Ayapel,CO,2021-06-10 21:26:10,8.3137,-75.1398,85.87,72,93,6.29
415,Dudinka,RU,2021-06-10 21:26:10,69.4058,86.1778,32.25,91,100,5.7
416,Tres Arroyos,AR,2021-06-10 21:26:10,-38.3739,-60.2798,49.35,49,5,9.73
417,Naryshkino,RU,2021-06-10 21:26:11,52.9678,35.7268,55.71,98,86,8.77
418,Alenquer,BR,2021-06-10 21:26:11,-1.9417,-54.7383,77.34,97,100,5.44
419,Springbok,ZA,2021-06-10 21:26:11,-29.6643,17.8865,53.89,39,15,6.71
420,Zhifang,CN,2021-06-10 21:26:12,30.35,114.3167,76.98,86,92,2.8
421,Taoudenni,ML,2021-06-10 21:26:12,22.6783,-3.9836,107.31,10,65,11.74
422,Boende,CD,2021-06-10 21:26:12,-0.2167,20.8667,75.47,76,30,2.3
423,Juegang,CN,2021-06-10 21:26:13,32.3174,121.1855,70.52,76,100,4.74
424,Saint Anthony,US,2021-06-10 21:26:13,45.0205,-93.218,99.66,38,75,1.99
425,Pedernales,DO,2021-06-10 21:26:13,18.0384,-71.744,84.29,67,63,4.65
426,Itarema,BR,2021-06-10 21:26:13,-2.9248,-39.9167,79.59,76,45,11.03
427,Alyangula,AU,2021-06-10 21:26:14,-13.8483,136.4192,60.67,94,90,0.0
428,Vila Franca Do Campo,PT,2021-06-10 21:26:14,37.7167,-25.4333,66.61,94,53,4.12
429,Acarau,BR,2021-06-10 21:23:09,-2.8856,-40.12,79.68,78,55,10.87
430,Stephenville,US,2021-06-10 21:26:14,32.2207,-98.2023,92.93,56,1,12.66
431,Sobolevo,RU,2021-06-10 21:26:15,54.4299,31.8996,53.2,97,7,6.33
432,Dunedin,NZ,2021-06-10 21:26:15,-45.8742,170.5036,45.81,89,2,3.0
433,Kurilsk,RU,2021-06-10 21:26:15,45.2333,147.8833,56.97,64,60,4.72
434,Arica,CL,2021-06-10 21:26:15,-18.475,-70.3042,64.63,68,0,11.5
435,Wakkanai,JP,2021-06-10 21:26:16,45.4094,141.6739,55.49,81,98,17.76
436,Lyubokhna,RU,2021-06-10 21:26:16,53.5033,34.3885,59.36,96,79,7.0
437,Ostrovnoy,RU,2021-06-10 21:26:16,68.0531,39.5131,61.45,62,47,15.28
438,Muroto,JP,2021-06-10 21:26:17,33.2833,134.15,66.24,79,100,10.69
439,Tateyama,JP,2021-06-10 21:26:17,34.9833,139.8667,74.01,76,56,4.34
440,Deputatskiy,RU,2021-06-10 21:26:17,69.3,139.9,45.72,55,0,4.27
441,Cusco,PE,2021-06-10 21:26:18,-13.5183,-71.9781,66.43,18,40,6.91
442,Shilka,RU,2021-06-10 21:26:18,51.85,116.0333,53.02,73,40,1.59
443,Nchelenge,ZM,2021-06-10 21:26:18,-9.3451,28.734,67.69,67,46,5.48
444,Sinnamary,GF,2021-06-10 21:26:19,5.3833,-52.95,80.22,79,22,9.53
445,San Quintin,MX,2021-06-10 21:26:19,30.4833,-115.95,68.32,56,45,20.54
446,Pafos,CY,2021-06-10 21:26:19,34.7667,32.4167,71.51,83,40,9.22
447,Shenzhen,CN,2021-06-10 21:26:19,22.5455,114.0683,82.35,95,98,8.37
448,Avallon,FR,2021-06-10 21:26:20,47.4833,3.9,61.88,92,9,3.38
449,Naze,JP,2021-06-10 21:26:20,28.3667,129.4833,74.5,91,89,13.18
450,Mayya,RU,2021-06-10 21:26:20,61.7333,130.2811,52.92,56,76,4.92
451,Mogadishu,SO,2021-06-10 21:24:10,2.0371,45.3438,78.48,80,25,18.79
452,Bambanglipuro,ID,2021-06-10 21:26:21,-7.95,110.2833,59.61,91,93,4.09
453,Omsukchan,RU,2021-06-10 21:26:21,62.5333,155.8,37.08,96,100,3.15
454,Thap Than,TH,2021-06-10 21:26:21,15.4606,99.8917,80.49,84,100,3.94
455,Lawton,US,2021-06-10 21:26:22,34.6087,-98.3903,93.81,64,75,13.8
456,Portneuf,CA,2021-06-10 21:26:22,46.6906,-71.8901,69.89,37,71,9.22
457,Suntar,RU,2021-06-10 21:26:22,62.1444,117.6319,52.86,59,94,7.23
458,Beian,NO,2021-06-10 21:26:22,63.6559,9.5683,62.69,72,0,6.91
459,Rampur,IN,2021-06-10 21:26:23,28.8167,79.0333,86.92,56,26,8.46
460,Chalus,IR,2021-06-10 21:26:23,36.655,51.4204,71.06,83,40,0.0
461,Norman Wells,CA,2021-06-10 21:26:23,65.282,-126.8329,78.84,22,20,9.22
462,Baft,IR,2021-06-10 21:26:24,29.234,56.6057,75.47,20,1,5.3
463,Rudbar,AF,2021-06-10 21:26:24,30.15,62.6,94.68,7,0,5.59
464,Aksu,CN,2021-06-10 21:26:24,41.1231,80.2644,70.48,34,82,5.21
465,Cukai,MY,2021-06-10 21:26:24,4.25,103.4167,75.34,89,100,4.32
466,Donskoye,RU,2021-06-10 21:26:25,45.4552,41.9741,64.53,74,60,2.75
467,Neiafu,TO,2021-06-10 21:26:25,-18.65,-173.9833,75.88,64,20,8.05
468,Atambua,ID,2021-06-10 21:26:25,-9.1061,124.8925,70.59,90,100,4.07
469,Puerto Narino,CO,2021-06-10 21:26:26,-3.7703,-70.3831,85.95,72,40,2.28
470,Kojnare,BG,2021-06-10 21:26:26,43.35,24.1333,65.86,89,35,4.76
471,Zhigansk,RU,2021-06-10 21:26:26,66.7697,123.3711,50.2,47,93,16.17
472,Srednekolymsk,RU,2021-06-10 21:26:26,67.45,153.6833,37.85,80,100,7.61
473,Abhar,IR,2021-06-10 21:26:27,36.1468,49.218,64.76,29,0,5.03
474,Berdigestyakh,RU,2021-06-10 21:26:27,62.0989,126.6992,52.75,48,45,2.13
475,Tiznit,MA,2021-06-10 21:26:27,29.5833,-9.5,86.16,20,21,2.75
476,Damietta,EG,2021-06-10 21:26:28,31.4165,31.8133,72.84,75,15,10.0
477,Lang Son,VN,2021-06-10 21:26:28,21.8333,106.7333,74.5,95,99,0.69
478,Hendek,TR,2021-06-10 21:26:28,40.7994,30.7481,55.72,86,0,3.65
479,Iisalmi,FI,2021-06-10 21:26:28,63.5592,27.1907,62.62,60,38,4.65
480,Grindavik,IS,2021-06-10 21:26:29,63.8424,-22.4338,46.87,87,75,6.91
481,Kingaroy,AU,2021-06-10 21:26:29,-26.5333,151.8333,35.64,87,97,4.61
482,Banyo,CM,2021-06-10 21:26:29,6.75,11.8167,67.59,84,26,3.44
483,Canning,IN,2021-06-10 21:26:30,22.3189,88.6714,80.62,84,100,1.79
484,Tabuk,PH,2021-06-10 21:26:30,17.4189,121.4443,73.81,91,98,2.15
485,Valdivia,CL,2021-06-10 21:26:30,-39.8142,-73.2459,53.69,90,100,3.09
486,Ler,SS,2021-06-10 21:25:18,8.3018,30.1418,81.9,47,11,3.69
487,Salihli,TR,2021-06-10 21:26:30,38.4826,28.1477,67.62,71,17,2.46
488,Northampton,US,2021-06-10 21:21:40,40.8754,-75.2499,83.26,47,60,10.85
489,Majene,ID,2021-06-10 21:26:31,-3.5403,118.9707,75.9,90,54,5.3
490,Guerrero Negro,MX,2021-06-10 21:26:31,27.9769,-114.0611,70.79,57,56,24.0
491,Rize,TR,2021-06-10 21:26:31,40.9044,40.8949,46.15,87,100,1.83
492,Olafsvik,IS,2021-06-10 21:26:32,64.8945,-23.7142,43.03,83,100,13.91
493,Sumbe,AO,2021-06-10 21:26:32,-11.2061,13.8437,74.53,82,88,2.19
494,Durban,ZA,2021-06-10 21:26:32,-29.8579,31.0292,62.02,88,0,3.0
495,Carman,CA,2021-06-10 21:26:33,49.4992,-98.0016,70.65,82,93,8.05
496,Daru,PG,2021-06-10 21:26:33,-9.0763,143.2092,76.73,92,53,8.23
497,Visnes,NO,2021-06-10 21:26:33,59.3556,5.2242,62.82,94,90,12.66
498,Ust-Omchug,RU,2021-06-10 21:26:33,61.15,149.6333,45.45,52,6,7.63
499,Ilhabela,BR,2021-06-10 21:26:34,-23.7781,-45.3581,71.74,92,100,5.17
500,Mokhsogollokh,RU,2021-06-10 21:26:34,61.4681,128.9203,51.48,49,83,1.61
501,Buckeye,US,2021-06-10 21:26:34,33.3703,-112.5838,103.69,11,26,4.61
502,Ivanivka,UA,2021-06-10 21:26:35,46.7208,34.553,62.83,82,13,4.38
503,Sonoita,MX,2021-06-10 21:26:35,31.85,-112.8333,96.53,9,61,10.76
504,Napasar,IN,2021-06-10 21:26:35,27.9667,73.55,94.41,33,0,26.78
505,Kidal,ML,2021-06-10 21:26:35,18.4411,1.4078,97.5,11,16,3.22
506,Ishimbay,RU,2021-06-10 21:26:36,53.4545,56.0415,56.8,93,100,1.68
507,Bodden Town,KY,2021-06-10 21:26:36,19.2833,-81.25,88.0,58,40,3.0
508,Rodrigues Alves,BR,2021-06-10 21:26:36,-7.738,-72.6509,82.6,66,68,2.51
509,Hofn,IS,2021-06-10 21:26:37,64.2539,-15.2082,46.45,91,100,18.34
510,Nha Trang,VN,2021-06-10 21:26:37,12.25,109.1833,78.8,78,100,4.59
511,Wembley,AU,2021-06-10 21:26:37,-31.9333,115.8,59.05,98,75,0.0
512,Faizpur,IN,2021-06-10 21:26:37,21.1667,75.85,81.63,70,43,13.13
513,Normandin,CA,2021-06-10 21:26:38,48.8333,-72.5321,66.33,32,78,6.91
514,Mao,ES,2021-06-10 21:26:38,39.8885,4.2658,68.56,83,0,2.3
515,Oussouye,SN,2021-06-10 21:26:38,12.485,-16.5469,80.69,74,42,11.1
516,Alofi,NU,2021-06-10 21:26:39,-19.0595,-169.9187,76.89,65,40,6.91
517,Vaitape,PF,2021-06-10 21:26:39,-16.5167,-151.75,80.92,74,0,6.71
518,Overyata,RU,2021-06-10 21:26:39,58.0868,55.8709,46.53,65,80,2.39
519,Baykit,RU,2021-06-10 21:26:40,61.67,96.37,36.18,92,79,3.4
520,Aswan,EG,2021-06-10 21:26:40,24.0934,32.907,91.99,13,0,7.29
521,Alice Springs,AU,2021-06-10 21:24:54,-23.7,133.8833,29.75,74,0,4.61
522,Onverwacht,SR,2021-06-10 21:26:40,5.5833,-55.1833,84.06,74,40,11.5
523,Haines Junction,CA,2021-06-10 21:26:41,60.7522,-137.5108,66.15,22,13,5.75
524,Moree,AU,2021-06-10 21:26:41,-29.4667,149.85,48.22,93,90,5.75
525,Port Hardy,CA,2021-06-10 21:26:41,50.6996,-127.4199,55.58,82,75,6.91
526,Yokote,JP,2021-06-10 21:26:42,39.3,140.5667,65.48,70,91,3.18
527,Arlit,NE,2021-06-10 21:26:42,18.7369,7.3853,95.2,9,1,6.93
528,Fare,PF,2021-06-10 21:26:42,-16.7,-151.0167,80.42,78,1,7.14
529,Honiara,SB,2021-06-10 21:26:43,-9.4333,159.95,79.77,83,73,7.31
530,Wiang Sa,TH,2021-06-10 21:26:43,8.6359,99.3666,80.2,92,100,2.53
531,Bilopillya,UA,2021-06-10 21:26:43,51.1502,34.3129,57.36,95,95,6.51
532,Tilichiki,RU,2021-06-10 21:26:43,60.4667,166.1,41.92,82,95,8.03
533,Faya,SA,2021-06-10 21:26:44,18.3851,42.4509,71.71,37,73,5.06
534,Cabo Rojo,PR,2021-06-10 21:26:44,18.0866,-67.1457,84.18,74,89,1.99
535,Sisimiut,GL,2021-06-10 21:26:44,66.9395,-53.6735,36.18,82,100,8.63
536,Kamenka,RU,2021-06-10 21:26:44,51.3223,42.7678,60.15,89,79,6.6
537,Rio Gallegos,AR,2021-06-10 21:22:15,-51.6226,-69.2181,41.05,75,0,6.91
538,Nome,US,2021-06-10 21:26:45,64.5011,-165.4064,44.17,93,90,11.5
539,Urumqi,CN,2021-06-10 21:26:45,43.801,87.6005,68.95,37,0,6.71
540,Mmabatho,ZA,2021-06-10 21:26:45,-25.85,25.6333,48.16,87,68,5.75
541,Whitehorse,CA,2021-06-10 21:26:46,60.7161,-135.0538,69.1,22,20,4.61
542,Resistencia,AR,2021-06-10 21:24:44,-27.4606,-58.9839,70.05,66,0,10.36
543,Mul,IN,2021-06-10 21:26:46,20.0667,79.6667,79.61,84,100,5.1
544,Rocha,UY,2021-06-10 21:26:46,-34.4833,-54.3333,56.37,87,60,10.63
545,Tautira,PF,2021-06-10 21:26:47,-17.7333,-149.15,86.02,76,2,13.02
546,Palmer,US,2021-06-10 21:26:47,42.1584,-72.3287,84.31,34,40,4.61
547,Tromso,NO,2021-06-10 21:26:47,69.6496,18.957,63.25,77,75,5.01
548,Jinxiang,CN,2021-06-10 21:26:48,27.4327,120.6062,75.9,94,100,2.71
549,Madingou,CG,2021-06-10 21:26:48,-4.1536,13.55,78.33,71,61,0.76
550,Constantine,DZ,2021-06-10 21:26:48,36.365,6.6147,65.61,55,0,2.3
551,Barra Patuca,HN,2021-06-10 21:26:49,15.8,-84.2833,84.67,69,53,10.18
552,Beyneu,KZ,2021-06-10 21:26:49,45.3167,55.2,79.52,34,97,12.21
553,Pitimbu,BR,2021-06-10 21:26:49,-7.4706,-34.8086,77.59,74,33,11.16
554,Grand-Santi,GF,2021-06-10 21:26:49,4.25,-54.3833,76.66,97,93,3.0
555,Purpe,RU,2021-06-10 21:26:50,64.4803,76.6897,43.9,59,96,5.46
556,Saryozek,KZ,2021-06-10 21:26:50,44.3583,77.9753,58.33,70,99,5.48
557,Emerald,AU,2021-06-10 21:26:50,-23.5333,148.1667,42.94,56,86,3.44
558,Abu Dhabi,AE,2021-06-10 21:23:14,24.4667,54.3667,89.71,55,0,6.91
559,Forestville,US,2021-06-10 21:26:51,38.8451,-76.875,81.05,92,90,9.22
560,Tarakan,ID,2021-06-10 21:25:09,3.3,117.6333,76.5,100,20,2.3
561,Camabatela,AO,2021-06-10 21:26:51,-8.1881,15.375,66.25,50,92,3.11
562,Necochea,AR,2021-06-10 21:26:51,-38.5473,-58.7368,50.04,58,3,18.23
563,Ambon,ID,2021-06-10 21:26:52,-3.6954,128.1814,75.34,94,20,6.91
564,Haverfordwest,GB,2021-06-10 21:26:52,51.8017,-4.9691,61.56,98,99,13.09
565,Koltubanovskiy,RU,2021-06-10 21:26:52,52.9407,52.0269,58.57,96,100,3.87
566,Paamiut,GL,2021-06-10 21:26:52,61.994,-49.6678,36.19,88,90,14.65
567,Husavik,IS,2021-06-10 21:26:53,66.0449,-17.3389,53.51,88,99,4.88
