City_ID,City,Country,Lat,Lng,Max Temp,Humidity,Cloudiness,Wind Speed,Current Description
0,bluff,NZ,-46.6,168.3333,44.24,81,3,6.85,
1,atuona,PF,-9.8,-139.0333,79.9,73,36,18.07,
2,plouzane,FR,48.3833,-4.6167,60.89,94,90,4.61,
3,port alfred,ZA,-33.5906,26.891,68.32,49,38,9.31,
4,ushuaia,AR,-54.8,-68.3,38.86,81,0,3.44,
5,punta arenas,CL,-53.15,-70.9167,41.11,87,75,9.22,
6,atlantis,ZA,-33.5667,18.4834,60.19,64,100,4.36,
7,norman wells,CA,65.282,-126.8329,64.44,52,90,4.61,
8,severo-kurilsk,RU,50.6789,156.125,49.6,77,100,7.94,
9,raudeberg,NO,61.9875,5.1352,50.86,95,96,12.64,
10,avera,US,33.194,-82.5271,87.67,56,80,13.06,
11,olinda,BR,-8.0089,-34.8553,76.73,73,40,12.66,
12,upernavik,GL,72.7868,-56.1549,35.29,92,36,12.12,
13,zhangjiakou,CN,40.81,114.8794,68.31,34,51,3.13,
14,mataura,NZ,-46.1927,168.8643,41.54,85,1,3.15,
15,caravelas,BR,-17.7125,-39.2481,73.11,81,89,6.49,
16,lasa,IT,46.6166,10.7002,58.37,94,32,5.48,
17,albany,US,42.6001,-73.9662,66.72,71,100,1.34,
18,coquimbo,CL,-29.9533,-71.3436,55.13,87,0,10.36,
19,cauas,RO,47.5667,22.55,64.45,76,76,4.16,
20,hamilton,US,39.1834,-84.5333,87.04,86,75,3.0,
21,mar del plata,AR,-38.0023,-57.5575,55.09,66,0,11.99,
22,thompson,CA,55.7435,-97.8558,68.16,45,90,11.5,
23,springbok,ZA,-29.6643,17.8865,59.2,26,89,5.23,
24,sibolga,ID,1.7427,98.7792,76.75,87,81,3.27,
25,havre-saint-pierre,CA,50.2334,-63.5986,53.96,54,75,20.71,
26,longyearbyen,SJ,78.2186,15.6401,27.19,88,21,2.37,
27,dikson,RU,73.5069,80.5464,31.95,99,100,4.74,
28,sukumo,JP,32.9333,132.7333,71.19,94,100,5.77,
29,barrow,US,71.2906,-156.7887,35.62,80,90,13.8,
30,vaini,TO,-21.2,-175.2,75.36,69,20,11.5,
31,bethel,US,41.3712,-73.414,76.35,50,46,6.69,
32,port hardy,CA,50.6996,-127.4199,59.18,63,75,24.16,
33,avarua,CK,-21.2078,-159.775,71.65,83,90,9.22,
34,husavik,IS,66.0449,-17.3389,37.31,98,100,27.47,
35,cidreira,BR,-30.1811,-50.2056,55.53,57,37,10.74,
36,cape town,ZA,-33.9258,18.4232,62.11,78,0,5.75,
37,hermanus,ZA,-34.4187,19.2345,61.9,67,100,2.13,
38,jamestown,US,42.097,-79.2353,79.84,75,27,7.0,
39,hami,CN,42.8,93.45,78.06,31,100,13.18,
40,diego de almagro,CL,-26.3667,-70.05,65.8,23,0,5.41,
41,deputatskiy,RU,69.3,139.9,53.26,42,75,6.64,
42,qaanaaq,GL,77.484,-69.3632,39.88,74,94,4.88,
43,yar-sale,RU,66.8333,70.8333,54.61,73,100,12.77,
44,rikitea,PF,-23.1203,-134.9692,76.14,84,99,11.5,
45,georgetown,MY,5.4112,100.3354,80.89,91,20,3.0,
46,kodiak,US,57.79,-152.4072,51.24,76,79,2.73,
47,eydhafushi,MV,5.1033,73.0708,82.26,76,56,13.96,
48,westport,US,41.1415,-73.3579,74.68,77,63,8.01,
49,kapaa,US,22.0752,-159.319,85.98,68,46,5.99,
50,omsukchan,RU,62.5333,155.8,42.73,66,68,4.9,
51,gramsh,AL,40.8697,20.1844,60.6,86,4,5.28,
52,svetlogorsk,BY,52.6333,29.7333,55.18,91,1,2.91,
53,grindavik,IS,63.8424,-22.4338,42.75,56,20,31.07,
54,east london,ZA,-33.0153,27.9116,69.06,44,58,7.58,
55,busselton,AU,-33.65,115.3333,50.09,86,82,5.1,
56,cabo san lucas,MX,22.8909,-109.9124,98.82,58,8,8.05,
57,griffith,US,41.5284,-87.4237,92.08,51,1,5.75,
58,butaritari,KI,3.0707,172.7902,82.36,74,100,13.58,
59,rosarito,MX,32.3333,-117.0333,89.4,60,8,8.97,
60,tiksi,RU,71.6872,128.8694,47.88,66,100,8.77,
61,ambilobe,MG,-13.2,49.05,70.39,83,26,1.68,
62,saint-philippe,RE,-21.3585,55.7679,72.99,80,98,15.41,
63,hobart,AU,-42.8794,147.3294,57.02,96,75,1.01,
64,nome,US,64.5011,-165.4064,48.16,84,100,7.14,
65,bakchar,RU,57.0186,82.0711,40.03,79,13,3.6,
66,jiazi,CN,22.8779,116.067,79.27,88,70,10.45,
67,aksarka,RU,66.5606,67.7975,57.67,73,100,12.86,
68,ilulissat,GL,69.2167,-51.1,37.49,79,98,0.83,
69,faanui,PF,-16.4833,-151.75,74.64,92,100,17.98,
70,puerto ayora,EC,-0.7393,-90.3518,80.56,89,88,8.99,
71,sao filipe,CV,14.8961,-24.4956,72.68,88,73,5.32,
72,souillac,MU,-20.5167,57.5167,75.36,78,40,14.97,
73,makakilo city,US,21.3469,-158.0858,79.61,70,90,8.05,
74,xining,CN,36.6167,101.7667,54.48,61,36,2.91,
75,monduli,TZ,-3.3,36.45,55.81,80,1,5.46,
76,ponta do sol,PT,32.6667,-17.1,74.03,50,0,5.84,
77,klaksvik,FO,62.2266,-6.589,49.12,86,99,25.03,
78,nishihara,JP,26.1842,127.7558,79.88,94,20,3.44,
79,talnakh,RU,69.4865,88.3972,34.03,100,100,4.21,
80,hajnowka,PL,52.7433,23.5812,58.78,78,1,1.01,
81,khon buri,TH,14.5254,102.2459,74.89,88,100,4.5,
82,tura,IN,25.5198,90.2201,73.4,97,100,3.85,
83,ginir,ET,7.1333,40.7,57.09,90,58,6.46,
84,castro,BR,-24.7911,-50.0119,52.97,91,11,1.95,
85,khatanga,RU,71.9667,102.5,38.37,63,80,3.8,
86,korla,CN,41.7597,86.1469,72.36,35,89,3.53,
87,new norfolk,AU,-42.7826,147.0587,56.66,88,90,1.01,
88,cayenne,GF,4.9333,-52.3333,76.08,90,0,0.0,
89,chuy,UY,-33.6971,-53.4616,47.68,71,100,7.85,
90,ust-kut,RU,56.7938,105.7672,44.42,58,31,1.86,
91,batticaloa,LK,7.7102,81.6924,78.46,73,85,7.23,
92,nikolskoye,RU,59.7035,30.7861,62.49,90,100,2.01,
93,okhotsk,RU,59.3833,143.3,53.08,53,22,5.1,
94,anadyr,RU,64.75,177.4833,39.7,93,75,2.24,
95,tuatapere,NZ,-46.1333,167.6833,46.35,84,2,5.1,
96,martil,MA,35.6166,-5.2752,71.56,88,75,3.44,
97,dicabisagan,PH,17.0818,122.4157,80.13,83,100,4.88,
98,yulara,AU,-25.2406,130.9889,46.24,42,90,4.61,
99,roma,US,43.2128,-75.4557,77.38,80,100,6.35,
100,north bend,US,43.4065,-124.2243,64.24,91,100,7.31,
101,springdale,US,36.1867,-94.1288,92.19,64,90,8.99,
102,pemangkat,ID,1.1667,108.9667,77.7,80,100,4.68,
103,balkanabat,TM,39.5108,54.3671,79.54,47,0,7.16,
104,te anau,NZ,-45.4167,167.7167,43.97,88,9,0.98,
105,kudahuvadhoo,MV,2.6708,72.8944,83.21,73,42,12.73,
106,hilo,US,19.7297,-155.09,81.81,77,35,5.99,
107,tuktoyaktuk,CA,69.4541,-133.0374,42.8,81,75,10.36,
108,belmonte,BR,-15.8631,-38.8828,77.5,79,86,6.55,
109,amapa,BR,1.0,-52.0,71.82,99,100,2.62,
110,mandalgovi,MN,45.7625,106.2708,56.52,69,52,7.4,
111,constitucion,CL,-35.3333,-72.4167,58.33,80,49,6.98,
112,talaya,RU,61.3833,152.75,51.17,46,2,3.11,
113,almaznyy,RU,48.0448,40.045,60.94,93,0,7.09,
114,saskylakh,RU,71.9167,114.0833,39.7,67,96,14.99,
115,pemba,MZ,-12.974,40.5178,72.5,75,57,11.97,
116,lebu,CL,-37.6167,-73.65,55.2,94,73,2.57,
117,port elizabeth,ZA,-33.918,25.5701,59.29,67,20,6.91,
118,bredasdorp,ZA,-34.5322,20.0403,51.12,93,100,2.3,
119,lavumisa,SZ,-27.31,31.892,57.74,92,0,1.74,
120,tasiilaq,GL,65.6145,-37.6368,35.58,98,100,5.44,
121,honiara,SB,-9.4333,159.95,82.62,72,35,9.04,
122,bonthe,SL,7.5264,-12.505,78.8,83,100,5.26,
123,wawa,NG,9.9022,4.4192,72.91,86,83,19.48,
124,keetmanshoop,NA,-26.5833,18.1333,61.72,29,46,9.22,
125,nokaneng,BW,-19.6667,22.2667,54.09,42,0,6.78,
126,marsh harbour,BS,26.5412,-77.0636,80.1,72,98,4.0,
127,airai,TL,-8.9266,125.4092,56.37,93,41,3.04,
128,lompoc,US,34.6391,-120.4579,86.11,52,0,8.01,
129,durazno,UY,-33.4131,-56.5006,51.75,71,0,11.5,
130,praia da vitoria,PT,38.7333,-27.0667,70.05,83,75,0.47,
131,hithadhoo,MV,-0.6,73.0833,83.41,74,65,10.56,
132,sawtell,AU,-30.3833,153.1,42.82,100,75,0.0,
133,pimentel,PE,-6.8367,-79.9342,68.29,82,90,4.0,
134,tornio,FI,65.8481,24.1466,60.82,80,0,12.41,
135,vung tau,VN,10.346,107.0843,77.61,91,100,20.22,
136,wewak,PG,-3.5534,143.6268,78.31,84,25,5.59,
137,pangai,TO,-19.8,-174.35,73.51,78,75,19.57,
138,bambous virieux,MU,-20.3428,57.7575,75.22,78,40,14.97,
139,lagoa,PT,39.05,-27.9833,67.26,84,29,2.26,
140,mahebourg,MU,-20.4081,57.7,75.25,78,40,14.97,
141,namie,JP,37.4833,141.0,70.34,81,100,6.89,
142,yellowknife,CA,62.456,-114.3525,52.32,100,90,13.8,
143,torbay,CA,47.6666,-52.7314,48.27,83,75,3.44,
144,quelimane,MZ,-17.8786,36.8883,64.35,88,0,1.99,
145,bengkulu,ID,-3.8004,102.2655,74.98,86,94,4.07,
146,yuzawa,JP,39.1667,140.5,64.22,77,100,4.27,
147,sorong,ID,-0.8833,131.25,78.55,87,93,8.75,
148,cherskiy,RU,68.75,161.3,43.14,56,42,9.57,
149,balykshi,KZ,47.0667,51.8667,68.0,73,0,4.47,
150,tazmalt,DZ,36.3868,4.3989,73.24,41,68,4.32,
151,geraldton,AU,-28.7667,114.6,57.61,94,40,11.5,
152,provideniya,RU,64.3833,-173.3,39.99,93,100,9.98,
153,ribeira grande,PT,38.5167,-28.7,68.85,84,23,2.39,
154,fortuna,US,40.5982,-124.1573,65.32,59,1,21.85,
155,mareeba,AU,-17.0,145.4333,69.31,90,89,2.3,
156,roald,NO,62.5833,6.1333,53.91,82,75,13.8,
157,port-cartier,CA,50.0334,-66.8654,57.92,51,79,10.09,
158,flinders,AU,-34.5833,150.8552,56.05,62,1,8.99,
159,kozluk,TR,38.1938,41.4885,61.05,34,0,3.96,
160,iberia,US,29.9502,-91.7507,89.58,66,1,10.6,
161,luena,AO,-11.7833,19.9167,52.02,49,0,4.63,
162,khuzhir,RU,53.1939,107.3397,44.28,85,28,1.12,
163,amalapuram,IN,16.5833,82.0167,77.27,84,100,9.19,
164,saldanha,ZA,-33.0117,17.9442,51.85,84,98,6.49,
165,tikhvin,RU,59.6451,33.5294,58.95,74,100,4.25,
166,alamosa,US,37.4695,-105.87,84.65,8,0,15.43,
167,hlobyne,UA,49.3878,33.2596,58.62,95,88,7.02,
168,sitka,US,57.0531,-135.33,58.3,67,98,6.08,
169,las cruces,US,32.3123,-106.7783,107.01,6,1,4.0,
170,hasaki,JP,35.7333,140.8333,72.28,72,100,9.55,
171,skibbereen,IE,51.55,-9.2667,57.0,90,74,9.33,
172,firminy,FR,45.3873,4.2907,71.62,72,0,2.3,
173,puerto escondido,MX,15.85,-97.0667,76.5,87,100,5.53,
174,clovis,US,36.8252,-119.7029,89.37,25,0,1.99,
175,lucapa,AO,-8.4192,20.7447,66.79,48,3,4.14,
176,melilla,ES,35.2937,-2.9383,70.18,88,0,3.44,
177,verkhnyaya inta,RU,65.9811,60.3094,59.36,53,100,13.8,
178,dunedin,NZ,-45.8742,170.5036,48.79,88,0,3.71,
179,dingle,PH,10.9995,122.6711,76.91,91,76,0.38,
180,high level,CA,58.5169,-117.136,60.91,59,75,9.22,
181,taltal,CL,-25.4,-70.4833,61.61,77,23,2.39,
182,imeni poliny osipenko,RU,52.4201,136.4853,52.7,84,100,13.11,
183,saurimo,AO,-9.6608,20.3916,61.52,46,0,5.46,
184,thesprotikon,GR,39.25,20.7847,64.36,85,46,5.5,
185,guerrero negro,MX,27.9769,-114.0611,69.96,59,2,22.53,
186,katsuura,JP,35.1333,140.3,72.19,72,100,8.41,
187,abu samrah,SY,35.3029,37.1841,66.36,73,0,13.89,
188,pando,UY,-34.7167,-55.95,50.99,57,0,5.75,
189,axim,GH,4.8699,-2.2405,79.84,82,18,10.13,
190,domat,CH,46.8348,9.4508,63.07,92,12,1.92,
191,kloulklubed,PW,7.0419,134.2556,79.3,73,99,11.48,
192,chokurdakh,RU,70.6333,147.9167,56.41,41,30,12.01,
193,cabras,IT,39.93,8.5314,65.98,85,13,4.12,
194,mayo,US,38.8876,-76.5119,69.84,95,100,10.0,
195,aklavik,CA,68.2191,-135.0107,68.92,35,100,11.41,
196,shreveport,US,32.5251,-93.7502,93.0,60,34,8.84,
197,adre,TD,13.4667,22.2,88.05,30,86,2.91,
198,launceston,AU,-41.45,147.1667,53.24,89,90,1.99,
199,nouadhibou,MR,20.931,-17.0347,70.2,75,15,20.54,
200,songea,TZ,-10.6833,35.65,55.02,76,0,2.73,
201,tucurui,BR,-3.7661,-49.6725,75.24,94,99,3.4,
202,joinville,BR,-26.3044,-48.8456,67.95,83,20,3.44,
203,general roca,AR,-39.0333,-67.5833,63.72,47,100,13.29,
204,coahuayana,MX,18.7333,-103.6833,86.31,61,100,5.64,
205,luderitz,NA,-26.6481,15.1594,65.1,50,100,3.91,
206,pacov,CZ,49.4708,15.0017,60.46,87,100,3.18,
207,arraial do cabo,BR,-22.9661,-42.0278,72.41,85,99,20.13,
208,acari,PE,-15.4311,-74.6158,68.76,69,27,5.14,
209,carnarvon,AU,-24.8667,113.6333,68.5,63,77,12.3,
210,maniitsoq,GL,65.4167,-52.9,38.82,79,57,0.81,
211,samarai,PG,-10.6167,150.6667,81.5,83,9,11.9,
212,walvis bay,NA,-22.9575,14.5053,57.09,71,8,1.54,
213,dali,CN,25.7,100.1833,60.71,94,99,2.46,
214,san patricio,US,28.017,-97.5169,93.29,55,2,13.76,
215,chaozhou,CN,23.6651,116.6379,77.65,90,98,4.5,
216,san cristobal,VE,7.7669,-72.225,74.98,66,40,5.14,
217,esperance,AU,-33.8667,121.9,58.84,82,100,8.01,
218,kafanchan,NG,9.5833,8.3,70.7,89,100,1.88,
219,hobyo,SO,5.3505,48.5268,77.58,84,91,24.45,
220,ketchikan,US,55.3422,-131.6461,61.59,52,72,4.65,
221,ibra,OM,22.6906,58.5334,83.61,64,0,2.35,
222,saint george,US,37.1041,-113.5841,94.39,6,0,4.0,
223,riosucio,CO,5.4216,-75.7032,69.1,81,87,2.66,
224,chara,RU,56.9064,118.2631,52.79,77,92,6.38,
225,petushki,RU,55.9264,39.461,57.24,98,93,7.45,
226,vilyuysk,RU,63.7553,121.6247,48.36,77,4,7.18,
227,bereda,ES,43.2686,-7.5406,58.91,100,28,7.94,
228,zhoucheng,CN,35.9122,116.3117,83.01,63,100,9.1,
229,mana,GF,5.6592,-53.7767,77.14,89,100,6.22,
230,yaan,NG,7.3833,8.5667,74.48,91,97,5.95,
231,nouakchott,MR,18.0858,-15.9785,75.13,89,59,12.01,
232,ndele,CF,8.4109,20.6473,78.39,58,81,4.05,
233,grajau,BR,-5.8194,-46.1386,82.11,49,54,1.21,
234,ipixuna,BR,-1.7625,-48.8043,80.55,92,100,2.24,
235,lata,PT,40.1629,-8.3327,67.05,59,99,8.52,
236,kyshtovka,RU,56.555,76.6271,43.66,79,9,6.96,
237,jambusar,IN,22.05,72.8,86.05,70,2,14.12,
238,along,IN,28.1667,94.7667,74.05,98,100,1.9,
239,ewa beach,US,21.3156,-158.0072,81.01,70,90,10.0,
240,macenta,GN,8.5435,-9.471,69.04,99,98,0.85,
241,komsomolskiy,UZ,40.4272,71.7189,78.15,33,9,1.16,
242,kapurthala,IN,31.3794,75.3847,78.75,40,3,9.08,
243,newport,GB,51.5877,-2.9984,61.45,87,85,6.2,
244,boma,GH,7.0805,-2.1697,74.44,91,69,3.67,
245,road town,VG,18.4167,-64.6167,79.2,75,99,14.34,
246,idlib,SY,35.9306,36.6339,65.14,80,0,11.12,
247,tessalit,ML,20.1986,1.0114,96.04,9,8,10.09,
248,verkhnevilyuysk,RU,63.4453,120.3167,48.34,74,3,7.02,
249,kajaani,FI,64.2273,27.7285,66.25,39,0,10.36,
250,tanete,ID,-3.9443,119.7848,73.63,96,57,3.96,
251,hambantota,LK,6.1241,81.1185,77.34,100,20,10.36,
252,victoria,HK,22.2855,114.1577,82.45,93,84,8.99,
253,warri,NG,5.5167,5.75,73.24,94,95,0.56,
254,mafinga,TZ,-7.25,35.0667,62.26,63,9,5.06,
255,narsaq,GL,60.9167,-46.05,46.62,81,99,4.14,
256,lahan,NP,26.7296,86.4951,79.48,83,100,3.15,
257,iquique,CL,-20.2208,-70.1431,63.21,81,9,3.29,
258,kyren,RU,51.6828,102.1408,47.41,92,92,1.57,
259,paamiut,GL,61.994,-49.6678,37.74,85,100,1.74,
260,hovd,MN,48.0056,91.6419,53.2,76,24,2.21,
261,saint-francois,FR,46.4154,3.9054,65.64,77,0,2.3,
262,sioux lookout,CA,50.1001,-91.917,64.78,82,90,10.36,
263,paita,PE,-5.0892,-81.1144,71.33,73,9,17.98,
264,zhigansk,RU,66.7697,123.3711,49.19,64,86,7.76,
265,hermiston,US,45.8404,-119.2895,75.11,21,100,10.74,
266,olafsvik,IS,64.8945,-23.7142,41.04,56,59,19.51,
267,ilo,PE,-17.6394,-71.3375,62.33,83,7,4.29,
268,canala,NC,-21.5333,165.95,64.89,82,100,7.4,
269,kahului,US,20.8947,-156.47,86.74,71,2,12.1,
270,suntar,RU,62.1444,117.6319,49.37,55,26,6.15,
271,tual,ID,-5.6667,132.75,81.88,81,55,17.49,
272,padang,ID,-0.9492,100.3543,76.06,78,54,4.21,
273,dudinka,RU,69.4058,86.1778,35.38,99,100,9.53,
274,bakel,SN,14.905,-12.4568,93.97,36,100,4.68,
275,chama,CH,47.1821,8.4636,66.33,72,62,0.0,
276,kavieng,PG,-2.5744,150.7967,82.31,80,26,15.17,
277,ballina,AU,-28.8667,153.5667,53.94,76,38,6.49,
278,ndende,GA,-2.4008,11.3581,73.31,97,96,2.51,
279,galle,LK,6.0367,80.217,80.51,83,72,12.97,
280,sedniv,UA,51.6447,31.565,54.55,93,0,5.88,
281,ayagoz,KZ,47.9714,80.4392,45.9,63,19,7.56,
282,barra patuca,HN,15.8,-84.2833,79.34,86,100,7.36,
283,kawhia,NZ,-38.0651,174.8183,59.76,86,33,2.68,
284,saint anthony,US,45.0205,-93.218,90.84,42,99,1.99,
285,shubarkuduk,KZ,49.1447,56.4872,66.22,67,92,3.85,
286,port hedland,AU,-20.3167,118.5667,69.85,88,94,4.61,
287,mount gambier,AU,-37.8333,140.7667,48.99,88,23,3.33,
288,aguimes,ES,27.9054,-15.4461,75.83,29,0,20.71,
289,alofi,NU,-19.0595,-169.9187,75.72,67,33,25.32,
290,itupiranga,BR,-5.1347,-49.3267,82.72,75,94,0.87,
291,karpathos,GR,35.507,27.2132,70.03,80,0,6.53,
292,koslan,RU,63.4564,48.8989,59.22,51,100,4.34,
293,batagay-alyta,RU,67.8006,130.4114,57.76,46,100,15.86,
294,arecibo,PR,18.4724,-66.7157,84.58,94,96,1.01,
295,saint-georges,GD,12.0564,-61.7485,79.77,78,52,10.49,
296,hay river,CA,60.8156,-115.7999,46.92,97,100,3.78,
297,codrington,AU,-38.2667,141.9667,49.73,91,49,4.79,
298,puerto el triunfo,SV,13.2833,-88.55,84.36,72,51,8.01,
299,doha,QA,25.2867,51.5333,91.38,49,0,13.8,
300,colac,AU,-38.3333,143.5833,50.07,96,64,5.77,
301,vanimo,PG,-2.6741,141.3028,78.04,83,6,6.06,
302,parana,AR,-31.732,-60.5238,58.51,68,17,4.27,
303,armidale,AU,-30.5167,151.65,38.8,92,100,2.68,
304,arenapolis,BR,-14.4503,-56.8461,71.02,90,100,6.51,
305,bowen,AU,-20.0167,148.2333,62.24,68,89,6.8,
306,west lorne,CA,42.6001,-81.5998,84.96,71,9,7.05,
307,taoudenni,ML,22.6783,-3.9836,101.41,10,0,11.21,
308,turayf,SA,31.6725,38.6637,73.72,31,0,12.93,
309,salinopolis,BR,-0.6136,-47.3561,76.3,90,100,5.73,
310,chegem,RU,43.2833,43.1333,38.1,86,49,3.51,
311,cockburn town,TC,21.4612,-71.1419,80.71,75,19,14.38,
312,nakhon phanom,TH,17.3333,104.4167,76.12,90,100,1.03,
313,grootfontein,NA,-19.5667,18.1167,52.83,39,0,5.19,
314,fairbanks,US,64.8378,-147.7164,66.09,55,74,3.85,
315,dorado,PR,18.4588,-66.2677,84.47,92,75,11.5,
316,teluknaga,ID,-6.0989,106.6381,78.19,83,90,2.3,
317,kaitangata,NZ,-46.2817,169.8464,41.76,81,2,3.29,
318,port lincoln,AU,-34.7333,135.8667,51.82,81,90,6.64,
319,egvekinot,RU,66.3167,-179.1667,41.81,67,100,2.33,
320,natchitoches,US,31.7668,-93.1335,93.2,49,1,3.44,
321,payo,ID,-3.7508,103.6372,71.02,93,93,2.24,
322,coihaique,CL,-45.5752,-72.0662,43.36,99,100,3.89,
323,chingirlau,KZ,51.095,54.0814,64.15,82,100,6.85,
324,beringovskiy,RU,63.05,179.3167,37.44,95,100,4.47,
325,puerto colombia,CO,10.9878,-74.9547,82.22,80,53,13.58,
326,waikuku,NZ,-43.3,172.6833,39.49,85,15,5.59,
327,clarence town,AU,-32.5833,151.7833,51.35,77,71,4.29,
328,vestmanna,FO,62.1564,-7.1664,47.32,87,90,21.85,
329,half moon bay,US,37.4636,-122.4286,82.62,46,1,17.27,
330,bonavista,CA,48.6499,-53.1147,42.6,76,40,3.47,
331,acaponeta,MX,22.4964,-105.3594,95.23,39,3,10.65,
332,medina del campo,ES,41.3124,-4.9141,67.6,83,98,11.05,
333,lac du bonnet,CA,50.2536,-96.0612,72.59,75,75,13.11,
334,rabo de peixe,PT,37.8,-25.5833,65.71,82,75,4.61,
335,mayya,RU,61.7333,130.2811,60.12,53,6,5.99,
336,wanning,CN,18.8003,110.3967,79.61,92,100,9.71,
337,cap malheureux,MU,-19.9842,57.6142,75.47,69,97,10.0,
338,vangaindrano,MG,-23.35,47.6,63.7,93,65,3.94,
339,hofn,IS,64.2539,-15.2082,44.62,57,58,23.76,
340,eyl,SO,7.9803,49.8164,78.91,70,71,26.71,
341,saint-augustin,CA,51.226,-58.6502,56.26,43,94,12.53,
342,lorengau,PG,-2.0226,147.2712,81.01,83,60,11.3,
343,etah,IN,27.6333,78.6667,90.48,49,32,7.18,
344,juneau,US,58.3019,-134.4197,57.22,94,100,1.54,
345,kommunar,RU,59.6206,30.39,62.13,83,100,3.22,
346,senador canedo,BR,-16.7081,-49.0931,68.05,75,100,9.35,
347,mae sai,TH,20.4335,99.8762,75.43,99,100,1.21,
348,nicosia,CY,35.1667,33.3667,69.89,78,20,10.36,
349,kidodi,TZ,-7.6036,37.0044,64.24,82,7,1.41,
350,kalemie,CD,-5.9475,29.1947,69.6,74,5,2.77,
351,aykhal,RU,66.0,111.5,42.33,61,35,17.58,
352,la primavera,CO,5.4906,-70.4092,78.69,86,58,5.5,
353,carutapera,BR,-1.195,-46.02,74.52,94,99,2.48,
354,gornoye loo,RU,43.7129,39.6049,62.31,77,6,4.07,
355,adrar,MR,20.5022,-10.0711,101.43,12,93,11.5,
356,harlingen,US,26.1906,-97.6961,95.34,58,10,14.36,
357,srednekolymsk,RU,67.45,153.6833,50.81,48,5,5.88,
358,las vegas,US,36.175,-115.1372,97.2,4,0,5.01,
359,ardmore,US,34.1743,-97.1436,91.54,68,40,8.01,
360,kwinana,AU,-32.25,115.7667,55.74,86,100,2.59,
361,lavrentiya,RU,65.5833,-171.0,36.97,96,100,6.17,
362,hailar,CN,49.2,119.7,60.4,62,82,6.64,
363,meulaboh,ID,4.1363,96.1285,76.86,86,100,3.67,
364,parkes,AU,-33.1333,148.1833,44.35,96,1,1.01,
365,chapada dos guimaraes,BR,-15.4606,-55.7497,64.06,84,100,1.54,
366,tupancireta,BR,-29.0806,-53.8358,48.63,77,77,5.3,
367,naryan-mar,RU,67.6713,53.087,62.13,53,83,13.09,
368,mayumba,GA,-3.432,10.6554,75.76,93,100,3.27,
369,baruun-urt,MN,46.6806,113.2792,60.4,65,85,8.37,
370,panuco,MX,22.05,-98.1667,86.18,44,93,13.38,
371,bapatla,IN,15.9,80.4667,83.68,63,100,10.87,
372,karratha,AU,-20.7377,116.8463,73.08,56,100,11.07,
373,beloha,MG,-25.1667,45.05,65.25,86,0,8.32,
374,manggar,ID,-2.8833,108.2667,81.03,79,100,8.95,
375,vredendal,ZA,-31.6683,18.5012,59.16,56,88,1.48,
376,pecos,US,31.4229,-103.4932,109.81,10,40,8.05,
377,saint-joseph,RE,-21.3667,55.6167,71.98,79,95,15.43,
378,trairi,BR,-3.2778,-39.2689,79.16,76,33,10.22,
379,tahta,EG,26.7693,31.5021,89.78,18,0,5.17,
380,lashio,MM,22.9333,97.75,69.42,100,100,1.92,
381,red bluff,US,40.1785,-122.2358,81.91,14,90,13.8,
382,danielskuil,ZA,-28.1887,23.5395,53.94,53,0,9.26,
383,izumo,JP,35.3667,132.7667,67.89,94,75,4.61,
384,asau,RO,46.4333,26.4,58.28,97,97,2.91,
385,casper,US,42.8666,-106.3131,76.8,13,37,7.0,
386,bilibino,RU,68.0546,166.4372,46.17,68,95,0.67,
387,lluta,PE,-16.0147,-72.0142,53.64,31,5,4.72,
388,antequera,ES,37.0194,-4.5612,68.18,59,11,6.26,
389,louga,RU,58.7372,29.8453,55.13,96,99,3.56,
390,hervey bay,AU,-25.2986,152.8535,56.03,58,0,5.79,
391,teya,RU,60.3778,92.6267,39.83,81,23,4.5,
392,tuy hoa,VN,13.0833,109.3,80.22,73,100,15.14,
393,funadhoo,MV,6.15,73.2667,82.27,77,80,15.05,
394,kieta,PG,-6.2167,155.6333,83.05,75,18,5.3,
395,maceio,BR,-9.6658,-35.7353,78.24,78,20,3.44,
396,mount isa,AU,-20.7333,139.5,37.17,60,2,0.0,
397,victoria point,AU,-27.5833,153.3,55.44,90,16,1.01,
398,barabai,ID,-2.5833,115.3833,72.95,96,84,1.77,
399,merrill,US,45.1805,-89.6835,83.68,83,1,4.61,
400,ancud,CL,-41.8697,-73.8203,55.42,94,100,19.04,
401,porto novo,BJ,6.4965,2.6036,79.93,79,99,7.92,
402,omboue,GA,-1.5746,9.2618,76.77,88,97,6.71,
403,namatanai,PG,-3.6667,152.4333,81.55,77,10,10.67,
404,machhlishahr,IN,25.6833,82.4167,86.16,63,43,12.71,
405,santa cruz,BO,-17.8,-63.1667,69.85,64,75,9.22,
406,dieppe,FR,49.75,1.1667,62.22,97,92,4.88,
407,maragogi,BR,-9.0122,-35.2225,75.31,79,16,7.05,
408,dedovichi,RU,57.5517,29.9502,53.78,87,55,2.68,
409,san quintin,MX,30.4833,-115.95,68.7,62,0,18.28,
410,luwuk,ID,-0.9516,122.7875,77.4,81,18,3.62,
411,rocha,UY,-34.4833,-54.3333,45.07,70,98,6.31,
412,kochinda,IN,21.7333,84.35,79.43,80,85,6.62,
413,pyaozerskiy,RU,65.8333,31.1667,60.96,49,0,9.8,
414,mackay,AU,-21.15,149.2,62.04,52,1,6.76,
415,melfort,CA,52.8667,-104.6177,56.16,95,100,9.33,
416,pevek,RU,69.7008,170.3133,33.94,87,23,6.33,
417,nantucket,US,41.2835,-70.0995,65.61,80,98,14.41,
418,moosomin,CA,50.1333,-101.6677,54.34,93,100,31.36,
419,butwal,NP,27.7006,83.4484,77.97,87,95,4.18,
420,faya,SA,18.3851,42.4509,72.48,28,97,2.95,
421,chipaque,CO,4.4425,-74.0442,60.22,89,97,2.35,
422,auki,SB,-8.7676,160.7034,81.68,67,26,5.5,
423,kayes,ML,14.0,-11.0,91.29,40,86,3.71,
424,namibe,AO,-15.1961,12.1522,71.19,68,2,11.34,
425,evensk,RU,61.95,159.2333,53.4,51,57,6.11,
426,port blair,IN,11.6667,92.75,82.63,80,100,20.49,
427,beeville,US,28.4008,-97.7483,94.28,70,75,8.05,
428,tateyama,JP,34.9833,139.8667,72.1,74,100,6.96,
429,chipinge,ZW,-20.1883,32.6236,54.36,60,67,1.23,
430,ahipara,NZ,-35.1667,173.1667,60.46,84,100,6.76,
431,bow island,CA,49.8668,-111.3684,68.0,20,31,16.6,
432,semirom,IR,31.4167,51.5667,64.8,18,0,2.62,
433,lujiang,CN,31.2581,117.2817,78.96,83,13,2.59,
434,marawi,PH,7.9986,124.2928,64.65,97,100,2.08,
435,beira,MZ,-19.8436,34.8389,64.29,75,2,3.58,
436,kodinsk,RU,58.6881,99.1844,41.67,68,7,0.85,
437,isla vista,US,34.4133,-119.861,89.08,35,1,12.66,
438,lakatoro,VU,-16.0999,167.4164,79.95,69,54,15.64,
439,vila franca do campo,PT,37.7167,-25.4333,66.61,84,13,1.25,
440,karauli,IN,26.5,77.0167,93.85,35,3,10.56,
441,jalu,LY,29.0331,21.5482,74.88,43,0,14.76,
442,pechenga,RU,69.5259,31.1703,70.66,49,5,24.99,
443,simao,CN,22.7886,100.9748,65.61,97,100,2.26,
444,zaraza,VE,9.3503,-65.3245,86.94,50,34,6.02,
445,tabou,CI,4.423,-7.3528,77.11,87,99,2.57,
446,clyde river,CA,70.4692,-68.5914,36.03,82,4,4.32,
447,chardara,KZ,41.2547,67.9692,75.07,32,0,6.71,
448,shingu,JP,33.7333,135.9833,72.91,88,100,3.27,
449,rudbar,AF,30.15,62.6,91.89,11,0,7.36,
450,laguna,US,38.421,-121.4238,85.91,22,1,5.01,
451,uthal,PK,25.8072,66.6219,84.22,76,30,11.81,
452,great yarmouth,GB,52.6083,1.7305,67.01,94,90,9.89,
453,nuuk,GL,64.1835,-51.7216,41.61,75,90,4.61,
454,rafai,CF,4.95,23.9167,73.98,59,100,2.86,
455,turbat,PK,26.0023,63.044,82.85,79,14,8.16,
456,kovernino,RU,57.1253,43.8142,53.26,84,87,6.22,
457,teknaf,BD,20.8624,92.3058,81.03,87,100,17.47,
458,saint-ambroise,CA,48.5501,-71.3324,66.58,36,36,3.94,
459,lazurne,UA,46.084,32.5295,65.01,77,3,10.33,
460,qui nhon,VN,13.7667,109.2333,82.18,71,100,12.5,
461,slupsk,PL,54.4641,17.0287,56.86,94,85,6.24,
462,nizhnyaya tavda,RU,57.6731,66.1725,51.01,62,18,4.41,
463,margate,GB,51.3813,1.3862,64.69,83,80,1.99,
464,oktyabrskoye,RU,43.0645,44.7417,55.54,93,85,4.47,
465,kirando,TZ,-7.4167,30.6,72.75,62,5,6.91,
466,hammerfest,NO,70.6634,23.6821,55.85,94,75,2.3,
467,serenje,ZM,-13.2325,30.2352,50.02,75,0,4.23,
468,lumeje,AO,-11.55,20.7833,58.37,41,2,6.35,
469,ust-koksa,RU,50.2696,85.6108,47.71,92,100,3.0,
470,bathsheba,BB,13.2167,-59.5167,80.56,75,39,13.0,
471,fuengirola,ES,36.54,-4.6247,74.08,77,0,4.61,
472,leningradskiy,RU,69.3833,178.4167,34.52,89,59,5.17,
473,kruisfontein,ZA,-34.0033,24.7314,63.03,43,27,6.11,
474,salalah,OM,17.0151,54.0924,83.17,83,73,9.62,
475,cam ranh,VN,11.9214,109.1591,82.36,65,40,11.5,
476,port shepstone,ZA,-30.7414,30.455,63.12,71,0,8.97,
477,svetlyy,RU,54.675,20.1347,55.45,84,27,3.85,
478,urumqi,CN,43.801,87.6005,63.55,72,0,2.24,
479,la paz,BO,-16.5,-68.15,55.38,46,75,4.61,
480,rongcheng,CN,30.634,117.8517,76.48,87,87,2.48,
481,portland,US,45.5234,-122.6762,61.99,81,100,1.01,
482,abu dhabi,AE,24.4667,54.3667,86.27,69,0,4.97,
483,vadlapudi,IN,14.3167,79.8,88.74,43,100,13.78,
484,ambunti,PG,-4.2365,142.8448,74.37,97,33,0.22,
485,martapura,ID,-3.4167,114.85,75.29,100,40,3.44,
486,korem,ET,12.5058,39.5228,61.16,27,76,0.65,
487,vila velha,BR,-20.3297,-40.2925,74.16,87,52,5.59,
488,terrace,CA,54.5163,-128.6035,71.42,36,75,3.44,
489,hualmay,PE,-11.0964,-77.6139,66.61,79,20,8.46,
490,mozarlandia,BR,-14.7447,-50.5706,77.94,50,8,10.16,
491,wukari,NG,7.85,9.7833,77.04,89,100,7.63,
492,necochea,AR,-38.5473,-58.7368,51.04,61,87,10.18,
493,bintulu,MY,3.1667,113.0333,76.62,89,100,4.83,
494,kang,BW,-23.6752,22.7876,54.95,45,0,6.46,
495,albert lea,US,43.648,-93.3683,89.71,42,1,5.75,
496,ruwi,OM,23.5996,58.5507,86.76,76,0,4.9,
497,solnechnyy,RU,50.7214,136.6319,56.71,99,100,4.83,
498,muisne,EC,0.6,-80.0333,77.36,85,89,10.58,
499,port townsend,US,48.117,-122.7605,58.91,75,75,21.0,
500,kongolo,CD,-5.3833,27.0,71.73,52,29,4.18,
501,uruzgan,AF,32.8333,66.0,74.93,10,0,6.91,
502,mahroni,IN,24.5862,78.7288,88.39,48,54,11.5,
503,yanam,IN,16.7333,82.2167,76.93,87,100,9.4,
504,vrangel,RU,42.7297,133.0839,58.44,98,93,5.88,
505,weinan,CN,34.5036,109.5089,78.48,56,100,1.41,
506,ambovombe,MG,-25.1667,46.0833,65.23,82,10,6.73,
507,ayan,RU,56.45,138.1667,43.3,90,100,11.5,
508,iqaluit,CA,63.7506,-68.5145,40.69,73,0,18.01,
509,ust-maya,RU,60.4167,134.5333,61.0,53,19,4.41,
510,san jose,US,37.3394,-121.895,82.56,33,1,1.01,
511,rudnogorsk,RU,57.2639,103.7519,42.15,55,45,1.97,
512,pingliang,CN,35.5392,106.6861,65.12,75,100,0.45,
513,naze,JP,28.3667,129.4833,74.32,88,100,4.72,
514,kawalu,ID,-7.3817,108.2082,70.23,98,95,1.41,
515,kirksville,US,40.1948,-92.5833,82.58,69,100,5.01,
516,dogondoutchi,NE,13.6393,4.0287,98.22,24,55,0.89,
517,dezful,IR,32.3811,48.4058,88.97,11,0,1.7,
518,ambulu,ID,-8.345,113.6058,74.89,86,82,2.26,
519,mansehra,PK,34.3333,73.2,76.59,40,0,5.66,
520,mabaruma,GY,8.2,-59.7833,77.36,83,11,4.27,
521,blatna,CZ,49.4249,13.8818,62.69,99,83,3.6,
522,vilhena,BR,-12.7406,-60.1458,69.73,87,100,6.55,
523,xai-xai,MZ,-25.0519,33.6442,63.82,81,1,1.7,
524,bentiu,SS,9.2333,29.8333,84.18,50,56,4.16,
525,mpongwe,ZM,-13.5091,28.155,52.74,65,0,5.77,
526,dire,ML,12.2833,-10.9667,83.08,56,84,0.54,
527,talcahuano,CL,-36.7167,-73.1167,55.08,100,75,8.05,
528,sao joao da barra,BR,-21.6403,-41.0511,71.83,87,70,14.9,
529,skovorodino,RU,53.9833,123.9167,59.65,74,4,2.57,
530,vestmannaeyjar,IS,63.4427,-20.2734,44.56,60,9,30.85,
531,khorinsk,RU,52.1657,109.7726,52.27,82,66,3.44,
532,katangli,RU,51.7102,143.2326,52.12,93,100,2.84,
533,bilma,NE,18.6853,12.9164,94.42,10,2,10.25,
534,ascension,US,30.2169,-90.9001,92.26,60,1,6.91,
535,byron bay,AU,-28.65,153.6167,54.05,68,15,5.68,
536,guilin,CN,25.2819,110.2864,74.68,96,70,3.11,
537,sheopur,IN,25.6667,76.7,96.48,28,77,14.18,
538,sinnamary,GF,5.3833,-52.95,77.32,85,100,4.21,
539,sao jose do belmonte,BR,-7.8614,-38.7597,75.02,55,4,10.49,
540,kandrian,PG,-6.2167,149.55,80.02,84,35,6.64,
541,tripoli,LY,32.8752,13.1875,70.93,75,0,3.74,
542,machico,PT,32.7,-16.7667,74.03,43,20,14.97,
543,bainbridge,US,47.6262,-122.5212,59.0,83,100,1.01,
544,barahona,DO,18.2085,-71.1008,82.31,72,23,8.81,
545,rapar,IN,23.5667,70.6333,86.29,70,0,16.64,
546,kununurra,AU,-15.7667,128.7333,46.38,87,67,0.0,
547,natal,BR,-5.795,-35.2094,80.82,74,0,12.66,
548,dvinskoy,RU,62.1535,45.1175,56.79,56,31,1.95,
549,ixtapa,MX,20.7,-105.2,88.23,66,20,13.8,
550,padilla,CO,3.2204,-76.3139,83.77,78,100,0.94,
551,ust-tsilma,RU,65.441,52.1498,59.63,54,30,4.45,
552,shieli,KZ,44.1667,66.75,76.82,23,27,14.0,
553,sierra vista,US,31.5545,-110.3037,101.35,7,1,4.61,
554,edd,ER,13.9297,41.6925,88.34,58,76,6.4,
555,cururupu,BR,-1.8283,-44.8683,74.01,95,82,2.01,
556,gat,IL,31.61,34.7642,74.39,63,0,4.74,
557,gamba,GA,-2.65,10.0,76.12,90,99,4.32,
558,teguldet,RU,57.3064,88.1667,39.56,71,1,3.42,
559,yerbogachen,RU,61.2767,108.0108,43.81,66,7,7.27,
560,oum hadjer,TD,13.2954,19.6966,97.3,23,37,4.12,
561,staryy nadym,RU,65.6118,72.6842,53.46,80,100,9.84,
562,kidal,ML,18.4411,1.4078,96.57,16,44,3.65,
563,redding,US,40.5865,-122.3917,79.93,23,92,1.99,
564,pundaguitan,PH,6.3711,126.1689,82.33,73,100,6.69,
565,lakes entrance,AU,-37.8811,147.981,53.58,94,100,16.55,
566,gazanjyk,TM,39.2446,55.5154,77.14,48,0,7.29,
567,taunggyi,MM,20.7833,97.0333,63.9,94,99,4.47,
568,alberton,CA,46.8168,-64.0654,55.44,76,85,9.37,
569,hokitika,NZ,-42.7167,170.9667,56.03,83,98,3.87,
570,don benito,ES,38.9563,-5.8616,78.93,27,35,8.95,
571,kanniyakumari,IN,8.0833,77.5667,80.26,84,72,19.42,
572,kainantu,PG,-6.2887,145.8655,62.15,87,6,1.48,
573,nanortalik,GL,60.1432,-45.2371,36.84,93,99,1.1,
574,san remo,IT,43.8182,7.7612,70.97,77,7,3.18,
575,zhuanghe,CN,39.7008,122.9911,65.71,90,99,3.09,
576,elko,US,41.0002,-115.5012,77.05,9,44,8.99,
577,fort saint james,CA,54.4333,-124.25,63.77,29,73,7.07,
578,mocuba,MZ,-16.8392,36.9856,60.3,93,23,1.7,
579,ostrovnoy,RU,68.0531,39.5131,61.93,48,7,20.29,
580,aksum,ET,14.1245,38.7244,69.03,17,43,5.3,
581,menomonie,US,44.8755,-91.9193,88.57,54,1,5.75,
582,sur,OM,22.5667,59.5289,86.18,71,0,7.65,
583,kamsack,CA,51.5667,-101.9009,63.05,97,100,14.76,
584,itarema,BR,-2.9248,-39.9167,79.14,78,17,10.74,
585,dickinson,US,29.4608,-95.0513,96.12,68,20,3.0,
586,alyangula,AU,-13.8483,136.4192,71.11,80,34,9.33,
587,chapais,CA,49.7834,-74.8492,66.92,26,6,9.17,
588,vydrino,RU,51.485,104.8461,47.17,84,73,3.58,
589,dalnerechensk,RU,45.9339,133.7225,60.31,97,100,9.17,
590,herat,AF,34.5,62.0,75.94,23,0,11.07,
591,vanavara,RU,60.34,102.2797,41.27,71,13,4.29,
592,norrkoping,SE,58.5942,16.1826,66.78,72,20,9.22,
593,seoul,KR,37.5683,126.9778,67.39,82,36,2.75,
594,kilindoni,TZ,-7.9139,39.6668,78.78,65,0,16.96,
595,pascagoula,US,30.3658,-88.5561,90.41,68,7,10.76,
596,panguipulli,CL,-39.6333,-72.3333,49.59,98,100,1.86,
597,zyryanka,RU,65.75,150.85,54.55,45,0,3.98,
598,lokosovo,RU,61.1333,74.8167,53.87,83,100,6.55,
599,minot,US,48.2325,-101.2963,69.12,59,90,27.63,
600,kokstad,ZA,-30.5472,29.4241,47.52,67,0,5.26,
601,flin flon,CA,54.7682,-101.865,55.24,94,90,9.22,
602,ust-ilimsk,RU,58.0006,102.6619,42.55,60,6,0.76,
603,trincomalee,LK,8.5711,81.2335,81.66,75,99,24.25,
604,grand gaube,MU,-20.0064,57.6608,75.38,69,97,10.0,
605,aquiraz,BR,-3.9014,-38.3911,81.18,77,53,8.28,
606,matara,LK,5.9485,80.5353,78.55,88,81,11.16,
607,nurota,UZ,40.5614,65.6886,71.69,24,0,7.14,
608,goma,CD,-1.6792,29.2228,62.33,79,12,2.86,
609,todos santos,MX,23.45,-110.2167,98.31,49,25,6.62,
610,mantes-la-ville,FR,48.9737,1.7025,71.85,85,80,4.83,
611,brae,GB,60.3964,-1.353,49.91,81,83,22.79,
612,daru,PG,-9.0763,143.2092,79.27,86,93,10.76,
613,maarianhamina,AX,60.0973,19.9348,62.46,88,88,12.66,
614,pisco,PE,-13.7,-76.2167,66.02,81,20,4.47,
615,sangod,IN,24.9167,76.2833,89.65,53,70,21.21,
616,pacific grove,US,36.6177,-121.9166,83.16,57,1,5.01,
617,barbacoas,CO,1.6715,-78.1398,79.7,86,97,3.87,
618,tiznit,MA,29.5833,-9.5,77.47,29,100,2.48,
619,viedma,AR,-40.8135,-62.9967,58.89,57,72,10.85,
620,puerto narino,CO,-3.7703,-70.3831,80.22,75,100,2.15,
621,canico,PT,32.6333,-16.85,74.03,43,20,14.97,
622,mersing,MY,2.4312,103.8405,79.23,81,100,4.38,
623,nabire,ID,-3.3667,135.4833,75.65,90,67,3.42,
624,sinzig,DE,50.55,7.25,71.2,77,86,3.53,
625,usinsk,RU,65.9939,57.5281,62.04,43,98,11.27,
626,vardo,NO,70.3705,31.1107,64.6,68,20,17.85,
627,sai buri,TH,6.7013,101.6168,77.83,84,100,2.82,
628,kavaratti,IN,10.5669,72.642,83.5,77,100,19.44,
629,birjand,IR,32.8663,59.2211,75.67,10,0,4.61,
630,domoni,KM,-12.2569,44.5319,76.24,71,43,12.91,
631,touros,BR,-5.1989,-35.4608,77.9,74,47,16.42,
632,dongzhen,CN,22.3797,110.9389,77.61,86,76,5.5,
633,alexandria,EG,31.2156,29.9553,73.36,78,0,3.44,
634,sangar,RU,63.9242,127.4739,48.15,94,100,9.93,
635,marzuq,YE,14.4,46.4667,81.86,41,96,3.44,
636,ongwediva,NA,-17.7833,15.7667,58.87,27,0,9.66,
637,doka,SD,13.5167,35.7667,84.87,48,69,10.89,
638,bijapur,IN,16.8333,75.7,74.57,81,71,17.83,
639,mugumu,TZ,-1.85,34.7,61.66,86,88,4.74,
640,moranbah,AU,-22.0016,148.0466,57.58,29,27,7.16,
641,liverpool,GB,53.4106,-2.9779,61.09,73,99,1.01,
642,envira,BR,-7.3,-70.2167,81.01,75,13,1.97,
643,harper,LR,4.375,-7.7169,77.54,87,87,3.56,
644,port macquarie,AU,-31.4333,152.9167,49.89,73,35,4.68,
645,batouri,CM,4.4333,14.3667,68.81,96,100,2.48,
646,remanso,BR,-9.6179,-42.0831,79.14,52,44,1.16,
647,princeton,US,25.5384,-80.4089,88.02,72,1,5.75,
648,tecoanapa,MX,16.5167,-98.75,81.32,76,97,6.53,
649,aranos,NA,-24.1333,19.1167,57.72,36,0,13.51,
650,vostok,RU,46.4856,135.8833,56.8,98,100,2.44,
651,vao,NC,-22.6667,167.4833,72.64,75,100,16.15,
652,pangkalanbuun,ID,-2.6833,111.6167,72.19,98,43,1.1,
653,antofagasta,CL,-23.65,-70.4,61.12,83,14,4.14,
654,acapulco,MX,16.8634,-99.8901,83.93,70,93,10.13,
655,nicoya,CR,10.1483,-85.452,82.6,78,85,3.8,
656,bubaque,GW,11.2833,-15.8333,80.17,82,100,12.91,
657,horn lake,US,34.9554,-90.0348,90.32,70,23,4.0,
658,tirano,IT,46.2154,10.1679,65.32,73,14,6.69,
659,santa vitoria,BR,-18.8386,-50.1214,70.95,70,87,5.53,
660,labytnangi,RU,66.6572,66.4183,56.59,73,100,10.11,
661,buala,SB,-8.145,159.5921,82.38,76,72,12.86,
662,oranjestad,AW,12.524,-70.027,84.9,75,89,8.99,
663,port augusta,AU,-32.5,137.7667,43.7,85,52,5.5,
664,tautira,PF,-17.7333,-149.15,78.82,82,100,10.4,
665,point fortin,TT,10.1833,-61.6833,82.89,74,98,5.95,
666,panlaitan,PH,12.1191,119.8486,82.35,77,100,5.84,
667,tukrah,LY,32.5341,20.5791,70.7,76,0,6.31,
668,oranjemund,NA,-28.55,16.4333,62.73,50,79,3.06,
669,hong gai,VN,20.956,107.0946,80.51,91,99,4.61,
670,rodrigues alves,BR,-7.738,-72.6509,75.13,94,89,0.25,
671,la plata,AR,-34.9215,-57.9545,57.94,58,100,9.31,
672,bredy,RU,52.4153,60.3411,59.92,48,94,12.37,
673,arlit,NE,18.7369,7.3853,93.4,11,0,9.91,
674,kamina,CD,-8.7386,24.9906,62.64,57,1,3.36,
675,biak,ID,-0.9131,122.8766,76.35,81,28,4.5,
676,matay,EG,28.419,30.7792,86.88,23,0,7.47,
677,fort-shevchenko,KZ,44.5086,50.263,73.04,73,78,11.54,
678,nemuro,JP,43.3236,145.575,54.1,93,100,17.18,
679,batemans bay,AU,-35.7167,150.1833,52.2,66,77,7.47,
680,bluff,NZ,-46.6,168.3333,44.24,81,3,6.85,clear sky
681,atuona,PF,-9.8,-139.0333,79.9,73,36,18.07,light rain
682,plouzane,FR,48.3833,-4.6167,60.89,94,90,4.61,overcast clouds
683,port alfred,ZA,-33.5906,26.891,68.32,49,38,9.31,scattered clouds
684,ushuaia,AR,-54.8,-68.3,38.86,81,0,3.44,clear sky
685,punta arenas,CL,-53.15,-70.9167,41.11,87,75,9.22,light rain
686,atlantis,ZA,-33.5667,18.4834,60.19,64,100,4.36,overcast clouds
687,norman wells,CA,65.282,-126.8329,64.44,52,90,4.61,light rain
688,severo-kurilsk,RU,50.6789,156.125,49.6,77,100,7.94,overcast clouds
689,raudeberg,NO,61.9875,5.1352,50.86,95,96,12.64,overcast clouds
690,avera,US,33.194,-82.5271,87.67,56,80,13.06,broken clouds
691,olinda,BR,-8.0089,-34.8553,76.73,73,40,12.66,scattered clouds
692,upernavik,GL,72.7868,-56.1549,35.29,92,36,12.12,scattered clouds
693,zhangjiakou,CN,40.81,114.8794,68.31,34,51,3.13,broken clouds
694,mataura,NZ,-46.1927,168.8643,41.54,85,1,3.15,clear sky
695,caravelas,BR,-17.7125,-39.2481,73.11,81,89,6.49,overcast clouds
696,lasa,IT,46.6166,10.7002,58.37,94,32,5.48,scattered clouds
697,albany,US,42.6001,-73.9662,66.72,71,100,1.34,overcast clouds
698,coquimbo,CL,-29.9533,-71.3436,55.13,87,0,10.36,clear sky
699,cauas,RO,47.5667,22.55,64.45,76,76,4.16,broken clouds
700,hamilton,US,39.1834,-84.5333,87.04,86,75,3.0,broken clouds
701,mar del plata,AR,-38.0023,-57.5575,55.09,66,0,11.99,clear sky
702,thompson,CA,55.7435,-97.8558,68.16,45,90,11.5,overcast clouds
703,springbok,ZA,-29.6643,17.8865,59.2,26,89,5.23,overcast clouds
704,sibolga,ID,1.7427,98.7792,76.75,87,81,3.27,broken clouds
705,havre-saint-pierre,CA,50.2334,-63.5986,53.96,54,75,20.71,broken clouds
706,longyearbyen,SJ,78.2186,15.6401,27.19,88,21,2.37,few clouds
707,dikson,RU,73.5069,80.5464,31.95,99,100,4.74,overcast clouds
708,sukumo,JP,32.9333,132.7333,71.19,94,100,5.77,light rain
709,barrow,US,71.2906,-156.7887,35.62,80,90,13.8,overcast clouds
710,vaini,TO,-21.2,-175.2,75.36,69,20,11.5,few clouds
711,bethel,US,41.3712,-73.414,76.35,50,46,6.69,scattered clouds
712,port hardy,CA,50.6996,-127.4199,59.18,63,75,24.16,broken clouds
713,avarua,CK,-21.2078,-159.775,71.65,83,90,9.22,light rain
714,husavik,IS,66.0449,-17.3389,37.31,98,100,27.47,overcast clouds
715,cidreira,BR,-30.1811,-50.2056,55.53,57,37,10.74,scattered clouds
716,cape town,ZA,-33.9258,18.4232,62.11,78,0,5.75,clear sky
717,hermanus,ZA,-34.4187,19.2345,61.9,67,100,2.13,overcast clouds
718,jamestown,US,42.097,-79.2353,79.84,75,27,7.0,light rain
719,hami,CN,42.8,93.45,78.06,31,100,13.18,overcast clouds
720,diego de almagro,CL,-26.3667,-70.05,65.8,23,0,5.41,clear sky
721,deputatskiy,RU,69.3,139.9,53.26,42,75,6.64,broken clouds
722,qaanaaq,GL,77.484,-69.3632,39.88,74,94,4.88,overcast clouds
723,yar-sale,RU,66.8333,70.8333,54.61,73,100,12.77,overcast clouds
724,rikitea,PF,-23.1203,-134.9692,76.14,84,99,11.5,overcast clouds
725,georgetown,MY,5.4112,100.3354,80.89,91,20,3.0,light rain
726,kodiak,US,57.79,-152.4072,51.24,76,79,2.73,broken clouds
727,eydhafushi,MV,5.1033,73.0708,82.26,76,56,13.96,broken clouds
728,westport,US,41.1415,-73.3579,74.68,77,63,8.01,broken clouds
729,kapaa,US,22.0752,-159.319,85.98,68,46,5.99,scattered clouds
730,omsukchan,RU,62.5333,155.8,42.73,66,68,4.9,broken clouds
731,gramsh,AL,40.8697,20.1844,60.6,86,4,5.28,clear sky
732,svetlogorsk,BY,52.6333,29.7333,55.18,91,1,2.91,clear sky
733,grindavik,IS,63.8424,-22.4338,42.75,56,20,31.07,few clouds
734,east london,ZA,-33.0153,27.9116,69.06,44,58,7.58,broken clouds
735,busselton,AU,-33.65,115.3333,50.09,86,82,5.1,broken clouds
736,cabo san lucas,MX,22.8909,-109.9124,98.82,58,8,8.05,clear sky
737,griffith,US,41.5284,-87.4237,92.08,51,1,5.75,clear sky
738,butaritari,KI,3.0707,172.7902,82.36,74,100,13.58,moderate rain
739,rosarito,MX,32.3333,-117.0333,89.4,60,8,8.97,clear sky
740,tiksi,RU,71.6872,128.8694,47.88,66,100,8.77,overcast clouds
741,ambilobe,MG,-13.2,49.05,70.39,83,26,1.68,scattered clouds
742,saint-philippe,RE,-21.3585,55.7679,72.99,80,98,15.41,light rain
743,hobart,AU,-42.8794,147.3294,57.02,96,75,1.01,broken clouds
744,nome,US,64.5011,-165.4064,48.16,84,100,7.14,overcast clouds
745,bakchar,RU,57.0186,82.0711,40.03,79,13,3.6,few clouds
746,jiazi,CN,22.8779,116.067,79.27,88,70,10.45,broken clouds
747,aksarka,RU,66.5606,67.7975,57.67,73,100,12.86,overcast clouds
748,ilulissat,GL,69.2167,-51.1,37.49,79,98,0.83,overcast clouds
749,faanui,PF,-16.4833,-151.75,74.64,92,100,17.98,heavy intensity rain
750,puerto ayora,EC,-0.7393,-90.3518,80.56,89,88,8.99,overcast clouds
751,sao filipe,CV,14.8961,-24.4956,72.68,88,73,5.32,broken clouds
752,souillac,MU,-20.5167,57.5167,75.36,78,40,14.97,scattered clouds
753,makakilo city,US,21.3469,-158.0858,79.61,70,90,8.05,light rain
754,xining,CN,36.6167,101.7667,54.48,61,36,2.91,scattered clouds
755,monduli,TZ,-3.3,36.45,55.81,80,1,5.46,clear sky
756,ponta do sol,PT,32.6667,-17.1,74.03,50,0,5.84,clear sky
757,klaksvik,FO,62.2266,-6.589,49.12,86,99,25.03,overcast clouds
758,nishihara,JP,26.1842,127.7558,79.88,94,20,3.44,few clouds
759,talnakh,RU,69.4865,88.3972,34.03,100,100,4.21,light rain
760,hajnowka,PL,52.7433,23.5812,58.78,78,1,1.01,clear sky
761,khon buri,TH,14.5254,102.2459,74.89,88,100,4.5,overcast clouds
762,tura,IN,25.5198,90.2201,73.4,97,100,3.85,overcast clouds
763,ginir,ET,7.1333,40.7,57.09,90,58,6.46,broken clouds
764,castro,BR,-24.7911,-50.0119,52.97,91,11,1.95,few clouds
765,khatanga,RU,71.9667,102.5,38.37,63,80,3.8,broken clouds
766,korla,CN,41.7597,86.1469,72.36,35,89,3.53,overcast clouds
767,new norfolk,AU,-42.7826,147.0587,56.66,88,90,1.01,overcast clouds
768,cayenne,GF,4.9333,-52.3333,76.08,90,0,0.0,clear sky
769,chuy,UY,-33.6971,-53.4616,47.68,71,100,7.85,overcast clouds
770,ust-kut,RU,56.7938,105.7672,44.42,58,31,1.86,scattered clouds
771,batticaloa,LK,7.7102,81.6924,78.46,73,85,7.23,overcast clouds
772,nikolskoye,RU,59.7035,30.7861,62.49,90,100,2.01,light rain
773,okhotsk,RU,59.3833,143.3,53.08,53,22,5.1,few clouds
774,anadyr,RU,64.75,177.4833,39.7,93,75,2.24,light rain
775,tuatapere,NZ,-46.1333,167.6833,46.35,84,2,5.1,clear sky
776,martil,MA,35.6166,-5.2752,71.56,88,75,3.44,broken clouds
777,dicabisagan,PH,17.0818,122.4157,80.13,83,100,4.88,overcast clouds
778,yulara,AU,-25.2406,130.9889,46.24,42,90,4.61,overcast clouds
779,roma,US,43.2128,-75.4557,77.38,80,100,6.35,overcast clouds
780,north bend,US,43.4065,-124.2243,64.24,91,100,7.31,overcast clouds
781,springdale,US,36.1867,-94.1288,92.19,64,90,8.99,overcast clouds
782,pemangkat,ID,1.1667,108.9667,77.7,80,100,4.68,overcast clouds
783,balkanabat,TM,39.5108,54.3671,79.54,47,0,7.16,clear sky
784,te anau,NZ,-45.4167,167.7167,43.97,88,9,0.98,clear sky
785,kudahuvadhoo,MV,2.6708,72.8944,83.21,73,42,12.73,scattered clouds
786,hilo,US,19.7297,-155.09,81.81,77,35,5.99,scattered clouds
787,tuktoyaktuk,CA,69.4541,-133.0374,42.8,81,75,10.36,broken clouds
788,belmonte,BR,-15.8631,-38.8828,77.5,79,86,6.55,overcast clouds
789,amapa,BR,1.0,-52.0,71.82,99,100,2.62,overcast clouds
790,mandalgovi,MN,45.7625,106.2708,56.52,69,52,7.4,broken clouds
791,constitucion,CL,-35.3333,-72.4167,58.33,80,49,6.98,scattered clouds
792,talaya,RU,61.3833,152.75,51.17,46,2,3.11,clear sky
793,almaznyy,RU,48.0448,40.045,60.94,93,0,7.09,clear sky
794,saskylakh,RU,71.9167,114.0833,39.7,67,96,14.99,overcast clouds
795,pemba,MZ,-12.974,40.5178,72.5,75,57,11.97,light rain
796,lebu,CL,-37.6167,-73.65,55.2,94,73,2.57,broken clouds
797,port elizabeth,ZA,-33.918,25.5701,59.29,67,20,6.91,few clouds
798,bredasdorp,ZA,-34.5322,20.0403,51.12,93,100,2.3,overcast clouds
799,lavumisa,SZ,-27.31,31.892,57.74,92,0,1.74,clear sky
800,tasiilaq,GL,65.6145,-37.6368,35.58,98,100,5.44,overcast clouds
801,honiara,SB,-9.4333,159.95,82.62,72,35,9.04,scattered clouds
802,bonthe,SL,7.5264,-12.505,78.8,83,100,5.26,light rain
803,wawa,NG,9.9022,4.4192,72.91,86,83,19.48,moderate rain
804,keetmanshoop,NA,-26.5833,18.1333,61.72,29,46,9.22,scattered clouds
805,nokaneng,BW,-19.6667,22.2667,54.09,42,0,6.78,clear sky
806,marsh harbour,BS,26.5412,-77.0636,80.1,72,98,4.0,overcast clouds
807,airai,TL,-8.9266,125.4092,56.37,93,41,3.04,scattered clouds
808,lompoc,US,34.6391,-120.4579,86.11,52,0,8.01,clear sky
809,durazno,UY,-33.4131,-56.5006,51.75,71,0,11.5,clear sky
810,praia da vitoria,PT,38.7333,-27.0667,70.05,83,75,0.47,broken clouds
811,hithadhoo,MV,-0.6,73.0833,83.41,74,65,10.56,broken clouds
812,sawtell,AU,-30.3833,153.1,42.82,100,75,0.0,broken clouds
813,pimentel,PE,-6.8367,-79.9342,68.29,82,90,4.0,overcast clouds
814,tornio,FI,65.8481,24.1466,60.82,80,0,12.41,clear sky
815,vung tau,VN,10.346,107.0843,77.61,91,100,20.22,overcast clouds
816,wewak,PG,-3.5534,143.6268,78.31,84,25,5.59,scattered clouds
817,pangai,TO,-19.8,-174.35,73.51,78,75,19.57,broken clouds
818,bambous virieux,MU,-20.3428,57.7575,75.22,78,40,14.97,light rain
819,lagoa,PT,39.05,-27.9833,67.26,84,29,2.26,scattered clouds
820,mahebourg,MU,-20.4081,57.7,75.25,78,40,14.97,scattered clouds
821,namie,JP,37.4833,141.0,70.34,81,100,6.89,overcast clouds
822,yellowknife,CA,62.456,-114.3525,52.32,100,90,13.8,moderate rain
823,torbay,CA,47.6666,-52.7314,48.27,83,75,3.44,broken clouds
824,quelimane,MZ,-17.8786,36.8883,64.35,88,0,1.99,clear sky
825,bengkulu,ID,-3.8004,102.2655,74.98,86,94,4.07,overcast clouds
826,yuzawa,JP,39.1667,140.5,64.22,77,100,4.27,overcast clouds
827,sorong,ID,-0.8833,131.25,78.55,87,93,8.75,overcast clouds
828,cherskiy,RU,68.75,161.3,43.14,56,42,9.57,scattered clouds
829,balykshi,KZ,47.0667,51.8667,68.0,73,0,4.47,clear sky
830,tazmalt,DZ,36.3868,4.3989,73.24,41,68,4.32,broken clouds
831,geraldton,AU,-28.7667,114.6,57.61,94,40,11.5,scattered clouds
832,provideniya,RU,64.3833,-173.3,39.99,93,100,9.98,overcast clouds
833,ribeira grande,PT,38.5167,-28.7,68.85,84,23,2.39,few clouds
834,fortuna,US,40.5982,-124.1573,65.32,59,1,21.85,clear sky
835,mareeba,AU,-17.0,145.4333,69.31,90,89,2.3,overcast clouds
836,roald,NO,62.5833,6.1333,53.91,82,75,13.8,broken clouds
837,port-cartier,CA,50.0334,-66.8654,57.92,51,79,10.09,broken clouds
838,flinders,AU,-34.5833,150.8552,56.05,62,1,8.99,clear sky
839,kozluk,TR,38.1938,41.4885,61.05,34,0,3.96,clear sky
840,iberia,US,29.9502,-91.7507,89.58,66,1,10.6,clear sky
841,luena,AO,-11.7833,19.9167,52.02,49,0,4.63,clear sky
842,khuzhir,RU,53.1939,107.3397,44.28,85,28,1.12,scattered clouds
843,amalapuram,IN,16.5833,82.0167,77.27,84,100,9.19,light rain
844,saldanha,ZA,-33.0117,17.9442,51.85,84,98,6.49,overcast clouds
845,tikhvin,RU,59.6451,33.5294,58.95,74,100,4.25,overcast clouds
846,alamosa,US,37.4695,-105.87,84.65,8,0,15.43,clear sky
847,hlobyne,UA,49.3878,33.2596,58.62,95,88,7.02,overcast clouds
848,sitka,US,57.0531,-135.33,58.3,67,98,6.08,overcast clouds
849,las cruces,US,32.3123,-106.7783,107.01,6,1,4.0,clear sky
850,hasaki,JP,35.7333,140.8333,72.28,72,100,9.55,overcast clouds
851,skibbereen,IE,51.55,-9.2667,57.0,90,74,9.33,broken clouds
852,firminy,FR,45.3873,4.2907,71.62,72,0,2.3,clear sky
853,puerto escondido,MX,15.85,-97.0667,76.5,87,100,5.53,overcast clouds
854,clovis,US,36.8252,-119.7029,89.37,25,0,1.99,clear sky
855,lucapa,AO,-8.4192,20.7447,66.79,48,3,4.14,clear sky
856,melilla,ES,35.2937,-2.9383,70.18,88,0,3.44,clear sky
857,verkhnyaya inta,RU,65.9811,60.3094,59.36,53,100,13.8,overcast clouds
858,dunedin,NZ,-45.8742,170.5036,48.79,88,0,3.71,clear sky
859,dingle,PH,10.9995,122.6711,76.91,91,76,0.38,broken clouds
860,high level,CA,58.5169,-117.136,60.91,59,75,9.22,light rain
861,taltal,CL,-25.4,-70.4833,61.61,77,23,2.39,few clouds
862,imeni poliny osipenko,RU,52.4201,136.4853,52.7,84,100,13.11,overcast clouds
863,saurimo,AO,-9.6608,20.3916,61.52,46,0,5.46,clear sky
864,thesprotikon,GR,39.25,20.7847,64.36,85,46,5.5,scattered clouds
865,guerrero negro,MX,27.9769,-114.0611,69.96,59,2,22.53,clear sky
866,katsuura,JP,35.1333,140.3,72.19,72,100,8.41,overcast clouds
867,abu samrah,SY,35.3029,37.1841,66.36,73,0,13.89,clear sky
868,pando,UY,-34.7167,-55.95,50.99,57,0,5.75,light rain
869,axim,GH,4.8699,-2.2405,79.84,82,18,10.13,few clouds
870,domat,CH,46.8348,9.4508,63.07,92,12,1.92,few clouds
871,kloulklubed,PW,7.0419,134.2556,79.3,73,99,11.48,overcast clouds
872,chokurdakh,RU,70.6333,147.9167,56.41,41,30,12.01,scattered clouds
873,cabras,IT,39.93,8.5314,65.98,85,13,4.12,few clouds
874,mayo,US,38.8876,-76.5119,69.84,95,100,10.0,overcast clouds
875,aklavik,CA,68.2191,-135.0107,68.92,35,100,11.41,overcast clouds
876,shreveport,US,32.5251,-93.7502,93.0,60,34,8.84,scattered clouds
877,adre,TD,13.4667,22.2,88.05,30,86,2.91,overcast clouds
878,launceston,AU,-41.45,147.1667,53.24,89,90,1.99,overcast clouds
879,nouadhibou,MR,20.931,-17.0347,70.2,75,15,20.54,few clouds
880,songea,TZ,-10.6833,35.65,55.02,76,0,2.73,clear sky
881,tucurui,BR,-3.7661,-49.6725,75.24,94,99,3.4,overcast clouds
882,joinville,BR,-26.3044,-48.8456,67.95,83,20,3.44,few clouds
883,general roca,AR,-39.0333,-67.5833,63.72,47,100,13.29,overcast clouds
884,coahuayana,MX,18.7333,-103.6833,86.31,61,100,5.64,overcast clouds
885,luderitz,NA,-26.6481,15.1594,65.1,50,100,3.91,overcast clouds
886,pacov,CZ,49.4708,15.0017,60.46,87,100,3.18,overcast clouds
887,arraial do cabo,BR,-22.9661,-42.0278,72.41,85,99,20.13,light rain
888,acari,PE,-15.4311,-74.6158,68.76,69,27,5.14,scattered clouds
889,carnarvon,AU,-24.8667,113.6333,68.5,63,77,12.3,broken clouds
890,maniitsoq,GL,65.4167,-52.9,38.82,79,57,0.81,broken clouds
891,samarai,PG,-10.6167,150.6667,81.5,83,9,11.9,clear sky
892,walvis bay,NA,-22.9575,14.5053,57.09,71,8,1.54,clear sky
893,dali,CN,25.7,100.1833,60.71,94,99,2.46,overcast clouds
894,san patricio,US,28.017,-97.5169,93.29,55,2,13.76,clear sky
895,chaozhou,CN,23.6651,116.6379,77.65,90,98,4.5,overcast clouds
896,san cristobal,VE,7.7669,-72.225,74.98,66,40,5.14,scattered clouds
897,esperance,AU,-33.8667,121.9,58.84,82,100,8.01,light rain
898,kafanchan,NG,9.5833,8.3,70.7,89,100,1.88,overcast clouds
899,hobyo,SO,5.3505,48.5268,77.58,84,91,24.45,overcast clouds
900,ketchikan,US,55.3422,-131.6461,61.59,52,72,4.65,broken clouds
901,ibra,OM,22.6906,58.5334,83.61,64,0,2.35,clear sky
902,saint george,US,37.1041,-113.5841,94.39,6,0,4.0,clear sky
903,riosucio,CO,5.4216,-75.7032,69.1,81,87,2.66,moderate rain
904,chara,RU,56.9064,118.2631,52.79,77,92,6.38,overcast clouds
905,petushki,RU,55.9264,39.461,57.24,98,93,7.45,overcast clouds
906,vilyuysk,RU,63.7553,121.6247,48.36,77,4,7.18,clear sky
907,bereda,ES,43.2686,-7.5406,58.91,100,28,7.94,scattered clouds
908,zhoucheng,CN,35.9122,116.3117,83.01,63,100,9.1,overcast clouds
909,mana,GF,5.6592,-53.7767,77.14,89,100,6.22,overcast clouds
910,yaan,NG,7.3833,8.5667,74.48,91,97,5.95,light rain
911,nouakchott,MR,18.0858,-15.9785,75.13,89,59,12.01,broken clouds
912,ndele,CF,8.4109,20.6473,78.39,58,81,4.05,broken clouds
913,grajau,BR,-5.8194,-46.1386,82.11,49,54,1.21,broken clouds
914,ipixuna,BR,-1.7625,-48.8043,80.55,92,100,2.24,overcast clouds
915,lata,PT,40.1629,-8.3327,67.05,59,99,8.52,overcast clouds
916,kyshtovka,RU,56.555,76.6271,43.66,79,9,6.96,clear sky
917,jambusar,IN,22.05,72.8,86.05,70,2,14.12,clear sky
918,along,IN,28.1667,94.7667,74.05,98,100,1.9,overcast clouds
919,ewa beach,US,21.3156,-158.0072,81.01,70,90,10.0,light rain
920,macenta,GN,8.5435,-9.471,69.04,99,98,0.85,overcast clouds
921,komsomolskiy,UZ,40.4272,71.7189,78.15,33,9,1.16,clear sky
922,kapurthala,IN,31.3794,75.3847,78.75,40,3,9.08,clear sky
923,newport,GB,51.5877,-2.9984,61.45,87,85,6.2,overcast clouds
924,boma,GH,7.0805,-2.1697,74.44,91,69,3.67,broken clouds
925,road town,VG,18.4167,-64.6167,79.2,75,99,14.34,overcast clouds
926,idlib,SY,35.9306,36.6339,65.14,80,0,11.12,light rain
927,tessalit,ML,20.1986,1.0114,96.04,9,8,10.09,clear sky
928,verkhnevilyuysk,RU,63.4453,120.3167,48.34,74,3,7.02,clear sky
929,kajaani,FI,64.2273,27.7285,66.25,39,0,10.36,clear sky
930,tanete,ID,-3.9443,119.7848,73.63,96,57,3.96,broken clouds
931,hambantota,LK,6.1241,81.1185,77.34,100,20,10.36,few clouds
932,victoria,HK,22.2855,114.1577,82.45,93,84,8.99,light rain
933,warri,NG,5.5167,5.75,73.24,94,95,0.56,overcast clouds
934,mafinga,TZ,-7.25,35.0667,62.26,63,9,5.06,clear sky
935,narsaq,GL,60.9167,-46.05,46.62,81,99,4.14,overcast clouds
936,lahan,NP,26.7296,86.4951,79.48,83,100,3.15,overcast clouds
937,iquique,CL,-20.2208,-70.1431,63.21,81,9,3.29,clear sky
938,kyren,RU,51.6828,102.1408,47.41,92,92,1.57,overcast clouds
939,paamiut,GL,61.994,-49.6678,37.74,85,100,1.74,overcast clouds
940,hovd,MN,48.0056,91.6419,53.2,76,24,2.21,few clouds
941,saint-francois,FR,46.4154,3.9054,65.64,77,0,2.3,clear sky
942,sioux lookout,CA,50.1001,-91.917,64.78,82,90,10.36,overcast clouds
943,paita,PE,-5.0892,-81.1144,71.33,73,9,17.98,clear sky
944,zhigansk,RU,66.7697,123.3711,49.19,64,86,7.76,overcast clouds
945,hermiston,US,45.8404,-119.2895,75.11,21,100,10.74,overcast clouds
946,olafsvik,IS,64.8945,-23.7142,41.04,56,59,19.51,broken clouds
947,ilo,PE,-17.6394,-71.3375,62.33,83,7,4.29,clear sky
948,canala,NC,-21.5333,165.95,64.89,82,100,7.4,overcast clouds
949,kahului,US,20.8947,-156.47,86.74,71,2,12.1,clear sky
950,suntar,RU,62.1444,117.6319,49.37,55,26,6.15,scattered clouds
951,tual,ID,-5.6667,132.75,81.88,81,55,17.49,broken clouds
952,padang,ID,-0.9492,100.3543,76.06,78,54,4.21,broken clouds
953,dudinka,RU,69.4058,86.1778,35.38,99,100,9.53,overcast clouds
954,bakel,SN,14.905,-12.4568,93.97,36,100,4.68,overcast clouds
955,chama,CH,47.1821,8.4636,66.33,72,62,0.0,broken clouds
956,kavieng,PG,-2.5744,150.7967,82.31,80,26,15.17,light rain
957,ballina,AU,-28.8667,153.5667,53.94,76,38,6.49,scattered clouds
958,ndende,GA,-2.4008,11.3581,73.31,97,96,2.51,overcast clouds
959,galle,LK,6.0367,80.217,80.51,83,72,12.97,broken clouds
960,sedniv,UA,51.6447,31.565,54.55,93,0,5.88,clear sky
961,ayagoz,KZ,47.9714,80.4392,45.9,63,19,7.56,few clouds
962,barra patuca,HN,15.8,-84.2833,79.34,86,100,7.36,overcast clouds
963,kawhia,NZ,-38.0651,174.8183,59.76,86,33,2.68,scattered clouds
964,saint anthony,US,45.0205,-93.218,90.84,42,99,1.99,overcast clouds
965,shubarkuduk,KZ,49.1447,56.4872,66.22,67,92,3.85,overcast clouds
966,port hedland,AU,-20.3167,118.5667,69.85,88,94,4.61,overcast clouds
967,mount gambier,AU,-37.8333,140.7667,48.99,88,23,3.33,few clouds
968,aguimes,ES,27.9054,-15.4461,75.83,29,0,20.71,clear sky
969,alofi,NU,-19.0595,-169.9187,75.72,67,33,25.32,scattered clouds
970,itupiranga,BR,-5.1347,-49.3267,82.72,75,94,0.87,overcast clouds
971,karpathos,GR,35.507,27.2132,70.03,80,0,6.53,clear sky
972,koslan,RU,63.4564,48.8989,59.22,51,100,4.34,overcast clouds
973,batagay-alyta,RU,67.8006,130.4114,57.76,46,100,15.86,overcast clouds
974,arecibo,PR,18.4724,-66.7157,84.58,94,96,1.01,overcast clouds
975,saint-georges,GD,12.0564,-61.7485,79.77,78,52,10.49,broken clouds
976,hay river,CA,60.8156,-115.7999,46.92,97,100,3.78,light rain
977,codrington,AU,-38.2667,141.9667,49.73,91,49,4.79,scattered clouds
978,puerto el triunfo,SV,13.2833,-88.55,84.36,72,51,8.01,broken clouds
979,doha,QA,25.2867,51.5333,91.38,49,0,13.8,clear sky
980,colac,AU,-38.3333,143.5833,50.07,96,64,5.77,broken clouds
981,vanimo,PG,-2.6741,141.3028,78.04,83,6,6.06,clear sky
982,parana,AR,-31.732,-60.5238,58.51,68,17,4.27,few clouds
983,armidale,AU,-30.5167,151.65,38.8,92,100,2.68,overcast clouds
984,arenapolis,BR,-14.4503,-56.8461,71.02,90,100,6.51,overcast clouds
985,bowen,AU,-20.0167,148.2333,62.24,68,89,6.8,overcast clouds
986,west lorne,CA,42.6001,-81.5998,84.96,71,9,7.05,clear sky
987,taoudenni,ML,22.6783,-3.9836,101.41,10,0,11.21,clear sky
988,turayf,SA,31.6725,38.6637,73.72,31,0,12.93,clear sky
989,salinopolis,BR,-0.6136,-47.3561,76.3,90,100,5.73,overcast clouds
990,chegem,RU,43.2833,43.1333,38.1,86,49,3.51,scattered clouds
991,cockburn town,TC,21.4612,-71.1419,80.71,75,19,14.38,few clouds
992,nakhon phanom,TH,17.3333,104.4167,76.12,90,100,1.03,overcast clouds
993,grootfontein,NA,-19.5667,18.1167,52.83,39,0,5.19,clear sky
994,fairbanks,US,64.8378,-147.7164,66.09,55,74,3.85,broken clouds
995,dorado,PR,18.4588,-66.2677,84.47,92,75,11.5,broken clouds
996,teluknaga,ID,-6.0989,106.6381,78.19,83,90,2.3,overcast clouds
997,kaitangata,NZ,-46.2817,169.8464,41.76,81,2,3.29,clear sky
998,port lincoln,AU,-34.7333,135.8667,51.82,81,90,6.64,overcast clouds
999,egvekinot,RU,66.3167,-179.1667,41.81,67,100,2.33,overcast clouds
1000,natchitoches,US,31.7668,-93.1335,93.2,49,1,3.44,clear sky
1001,payo,ID,-3.7508,103.6372,71.02,93,93,2.24,overcast clouds
1002,coihaique,CL,-45.5752,-72.0662,43.36,99,100,3.89,heavy intensity rain
1003,chingirlau,KZ,51.095,54.0814,64.15,82,100,6.85,moderate rain
1004,beringovskiy,RU,63.05,179.3167,37.44,95,100,4.47,overcast clouds
1005,puerto colombia,CO,10.9878,-74.9547,82.22,80,53,13.58,broken clouds
1006,waikuku,NZ,-43.3,172.6833,39.49,85,15,5.59,few clouds
1007,clarence town,AU,-32.5833,151.7833,51.35,77,71,4.29,broken clouds
1008,vestmanna,FO,62.1564,-7.1664,47.32,87,90,21.85,overcast clouds
1009,half moon bay,US,37.4636,-122.4286,82.62,46,1,17.27,clear sky
1010,bonavista,CA,48.6499,-53.1147,42.6,76,40,3.47,scattered clouds
1011,acaponeta,MX,22.4964,-105.3594,95.23,39,3,10.65,clear sky
1012,medina del campo,ES,41.3124,-4.9141,67.6,83,98,11.05,overcast clouds
1013,lac du bonnet,CA,50.2536,-96.0612,72.59,75,75,13.11,broken clouds
1014,rabo de peixe,PT,37.8,-25.5833,65.71,82,75,4.61,broken clouds
1015,mayya,RU,61.7333,130.2811,60.12,53,6,5.99,clear sky
1016,wanning,CN,18.8003,110.3967,79.61,92,100,9.71,light rain
1017,cap malheureux,MU,-19.9842,57.6142,75.47,69,97,10.0,light rain
1018,vangaindrano,MG,-23.35,47.6,63.7,93,65,3.94,broken clouds
1019,hofn,IS,64.2539,-15.2082,44.62,57,58,23.76,broken clouds
1020,eyl,SO,7.9803,49.8164,78.91,70,71,26.71,broken clouds
1021,saint-augustin,CA,51.226,-58.6502,56.26,43,94,12.53,overcast clouds
1022,lorengau,PG,-2.0226,147.2712,81.01,83,60,11.3,broken clouds
1023,etah,IN,27.6333,78.6667,90.48,49,32,7.18,scattered clouds
1024,juneau,US,58.3019,-134.4197,57.22,94,100,1.54,overcast clouds
1025,kommunar,RU,59.6206,30.39,62.13,83,100,3.22,moderate rain
1026,senador canedo,BR,-16.7081,-49.0931,68.05,75,100,9.35,overcast clouds
1027,mae sai,TH,20.4335,99.8762,75.43,99,100,1.21,overcast clouds
1028,nicosia,CY,35.1667,33.3667,69.89,78,20,10.36,few clouds
1029,kidodi,TZ,-7.6036,37.0044,64.24,82,7,1.41,clear sky
1030,kalemie,CD,-5.9475,29.1947,69.6,74,5,2.77,clear sky
1031,aykhal,RU,66.0,111.5,42.33,61,35,17.58,scattered clouds
1032,la primavera,CO,5.4906,-70.4092,78.69,86,58,5.5,broken clouds
1033,carutapera,BR,-1.195,-46.02,74.52,94,99,2.48,light rain
1034,gornoye loo,RU,43.7129,39.6049,62.31,77,6,4.07,clear sky
1035,adrar,MR,20.5022,-10.0711,101.43,12,93,11.5,overcast clouds
1036,harlingen,US,26.1906,-97.6961,95.34,58,10,14.36,clear sky
1037,srednekolymsk,RU,67.45,153.6833,50.81,48,5,5.88,clear sky
1038,las vegas,US,36.175,-115.1372,97.2,4,0,5.01,clear sky
1039,ardmore,US,34.1743,-97.1436,91.54,68,40,8.01,scattered clouds
1040,kwinana,AU,-32.25,115.7667,55.74,86,100,2.59,light rain
1041,lavrentiya,RU,65.5833,-171.0,36.97,96,100,6.17,overcast clouds
1042,hailar,CN,49.2,119.7,60.4,62,82,6.64,broken clouds
1043,meulaboh,ID,4.1363,96.1285,76.86,86,100,3.67,overcast clouds
1044,parkes,AU,-33.1333,148.1833,44.35,96,1,1.01,clear sky
1045,chapada dos guimaraes,BR,-15.4606,-55.7497,64.06,84,100,1.54,overcast clouds
1046,tupancireta,BR,-29.0806,-53.8358,48.63,77,77,5.3,broken clouds
1047,naryan-mar,RU,67.6713,53.087,62.13,53,83,13.09,broken clouds
1048,mayumba,GA,-3.432,10.6554,75.76,93,100,3.27,overcast clouds
1049,baruun-urt,MN,46.6806,113.2792,60.4,65,85,8.37,overcast clouds
1050,panuco,MX,22.05,-98.1667,86.18,44,93,13.38,overcast clouds
1051,bapatla,IN,15.9,80.4667,83.68,63,100,10.87,overcast clouds
1052,karratha,AU,-20.7377,116.8463,73.08,56,100,11.07,overcast clouds
1053,beloha,MG,-25.1667,45.05,65.25,86,0,8.32,clear sky
1054,manggar,ID,-2.8833,108.2667,81.03,79,100,8.95,overcast clouds
1055,vredendal,ZA,-31.6683,18.5012,59.16,56,88,1.48,overcast clouds
1056,pecos,US,31.4229,-103.4932,109.81,10,40,8.05,scattered clouds
1057,saint-joseph,RE,-21.3667,55.6167,71.98,79,95,15.43,light rain
1058,trairi,BR,-3.2778,-39.2689,79.16,76,33,10.22,scattered clouds
1059,tahta,EG,26.7693,31.5021,89.78,18,0,5.17,clear sky
1060,lashio,MM,22.9333,97.75,69.42,100,100,1.92,overcast clouds
1061,red bluff,US,40.1785,-122.2358,81.91,14,90,13.8,overcast clouds
1062,danielskuil,ZA,-28.1887,23.5395,53.94,53,0,9.26,clear sky
1063,izumo,JP,35.3667,132.7667,67.89,94,75,4.61,mist
1064,asau,RO,46.4333,26.4,58.28,97,97,2.91,overcast clouds
1065,casper,US,42.8666,-106.3131,76.8,13,37,7.0,scattered clouds
1066,bilibino,RU,68.0546,166.4372,46.17,68,95,0.67,light rain
1067,lluta,PE,-16.0147,-72.0142,53.64,31,5,4.72,clear sky
1068,antequera,ES,37.0194,-4.5612,68.18,59,11,6.26,few clouds
1069,louga,RU,58.7372,29.8453,55.13,96,99,3.56,heavy intensity rain
1070,hervey bay,AU,-25.2986,152.8535,56.03,58,0,5.79,clear sky
1071,teya,RU,60.3778,92.6267,39.83,81,23,4.5,few clouds
1072,tuy hoa,VN,13.0833,109.3,80.22,73,100,15.14,overcast clouds
1073,funadhoo,MV,6.15,73.2667,82.27,77,80,15.05,broken clouds
1074,kieta,PG,-6.2167,155.6333,83.05,75,18,5.3,few clouds
1075,maceio,BR,-9.6658,-35.7353,78.24,78,20,3.44,few clouds
1076,mount isa,AU,-20.7333,139.5,37.17,60,2,0.0,clear sky
1077,victoria point,AU,-27.5833,153.3,55.44,90,16,1.01,few clouds
1078,barabai,ID,-2.5833,115.3833,72.95,96,84,1.77,broken clouds
1079,merrill,US,45.1805,-89.6835,83.68,83,1,4.61,clear sky
1080,ancud,CL,-41.8697,-73.8203,55.42,94,100,19.04,light rain
1081,porto novo,BJ,6.4965,2.6036,79.93,79,99,7.92,overcast clouds
1082,omboue,GA,-1.5746,9.2618,76.77,88,97,6.71,overcast clouds
1083,namatanai,PG,-3.6667,152.4333,81.55,77,10,10.67,light rain
1084,machhlishahr,IN,25.6833,82.4167,86.16,63,43,12.71,scattered clouds
1085,santa cruz,BO,-17.8,-63.1667,69.85,64,75,9.22,broken clouds
1086,dieppe,FR,49.75,1.1667,62.22,97,92,4.88,overcast clouds
1087,maragogi,BR,-9.0122,-35.2225,75.31,79,16,7.05,few clouds
1088,dedovichi,RU,57.5517,29.9502,53.78,87,55,2.68,broken clouds
1089,san quintin,MX,30.4833,-115.95,68.7,62,0,18.28,clear sky
1090,luwuk,ID,-0.9516,122.7875,77.4,81,18,3.62,few clouds
1091,rocha,UY,-34.4833,-54.3333,45.07,70,98,6.31,light rain
1092,kochinda,IN,21.7333,84.35,79.43,80,85,6.62,overcast clouds
1093,pyaozerskiy,RU,65.8333,31.1667,60.96,49,0,9.8,clear sky
1094,mackay,AU,-21.15,149.2,62.04,52,1,6.76,clear sky
1095,melfort,CA,52.8667,-104.6177,56.16,95,100,9.33,overcast clouds
1096,pevek,RU,69.7008,170.3133,33.94,87,23,6.33,few clouds
1097,nantucket,US,41.2835,-70.0995,65.61,80,98,14.41,overcast clouds
1098,moosomin,CA,50.1333,-101.6677,54.34,93,100,31.36,moderate rain
1099,butwal,NP,27.7006,83.4484,77.97,87,95,4.18,overcast clouds
1100,faya,SA,18.3851,42.4509,72.48,28,97,2.95,overcast clouds
1101,chipaque,CO,4.4425,-74.0442,60.22,89,97,2.35,overcast clouds
1102,auki,SB,-8.7676,160.7034,81.68,67,26,5.5,scattered clouds
1103,kayes,ML,14.0,-11.0,91.29,40,86,3.71,overcast clouds
1104,namibe,AO,-15.1961,12.1522,71.19,68,2,11.34,clear sky
1105,evensk,RU,61.95,159.2333,53.4,51,57,6.11,broken clouds
1106,port blair,IN,11.6667,92.75,82.63,80,100,20.49,overcast clouds
1107,beeville,US,28.4008,-97.7483,94.28,70,75,8.05,broken clouds
1108,tateyama,JP,34.9833,139.8667,72.1,74,100,6.96,overcast clouds
1109,chipinge,ZW,-20.1883,32.6236,54.36,60,67,1.23,broken clouds
1110,ahipara,NZ,-35.1667,173.1667,60.46,84,100,6.76,overcast clouds
1111,bow island,CA,49.8668,-111.3684,68.0,20,31,16.6,scattered clouds
1112,semirom,IR,31.4167,51.5667,64.8,18,0,2.62,clear sky
1113,lujiang,CN,31.2581,117.2817,78.96,83,13,2.59,few clouds
1114,marawi,PH,7.9986,124.2928,64.65,97,100,2.08,overcast clouds
1115,beira,MZ,-19.8436,34.8389,64.29,75,2,3.58,clear sky
1116,kodinsk,RU,58.6881,99.1844,41.67,68,7,0.85,clear sky
1117,isla vista,US,34.4133,-119.861,89.08,35,1,12.66,clear sky
1118,lakatoro,VU,-16.0999,167.4164,79.95,69,54,15.64,broken clouds
1119,vila franca do campo,PT,37.7167,-25.4333,66.61,84,13,1.25,few clouds
1120,karauli,IN,26.5,77.0167,93.85,35,3,10.56,clear sky
1121,jalu,LY,29.0331,21.5482,74.88,43,0,14.76,clear sky
1122,pechenga,RU,69.5259,31.1703,70.66,49,5,24.99,clear sky
1123,simao,CN,22.7886,100.9748,65.61,97,100,2.26,overcast clouds
1124,zaraza,VE,9.3503,-65.3245,86.94,50,34,6.02,scattered clouds
1125,tabou,CI,4.423,-7.3528,77.11,87,99,2.57,light rain
1126,clyde river,CA,70.4692,-68.5914,36.03,82,4,4.32,clear sky
1127,chardara,KZ,41.2547,67.9692,75.07,32,0,6.71,clear sky
1128,shingu,JP,33.7333,135.9833,72.91,88,100,3.27,overcast clouds
1129,rudbar,AF,30.15,62.6,91.89,11,0,7.36,clear sky
1130,laguna,US,38.421,-121.4238,85.91,22,1,5.01,clear sky
1131,uthal,PK,25.8072,66.6219,84.22,76,30,11.81,scattered clouds
1132,great yarmouth,GB,52.6083,1.7305,67.01,94,90,9.89,overcast clouds
1133,nuuk,GL,64.1835,-51.7216,41.61,75,90,4.61,overcast clouds
1134,rafai,CF,4.95,23.9167,73.98,59,100,2.86,overcast clouds
1135,turbat,PK,26.0023,63.044,82.85,79,14,8.16,few clouds
1136,kovernino,RU,57.1253,43.8142,53.26,84,87,6.22,overcast clouds
1137,teknaf,BD,20.8624,92.3058,81.03,87,100,17.47,overcast clouds
1138,saint-ambroise,CA,48.5501,-71.3324,66.58,36,36,3.94,scattered clouds
1139,lazurne,UA,46.084,32.5295,65.01,77,3,10.33,clear sky
1140,qui nhon,VN,13.7667,109.2333,82.18,71,100,12.5,light rain
1141,slupsk,PL,54.4641,17.0287,56.86,94,85,6.24,overcast clouds
1142,nizhnyaya tavda,RU,57.6731,66.1725,51.01,62,18,4.41,few clouds
1143,margate,GB,51.3813,1.3862,64.69,83,80,1.99,broken clouds
1144,oktyabrskoye,RU,43.0645,44.7417,55.54,93,85,4.47,overcast clouds
1145,kirando,TZ,-7.4167,30.6,72.75,62,5,6.91,clear sky
1146,hammerfest,NO,70.6634,23.6821,55.85,94,75,2.3,light rain
1147,serenje,ZM,-13.2325,30.2352,50.02,75,0,4.23,clear sky
1148,lumeje,AO,-11.55,20.7833,58.37,41,2,6.35,clear sky
1149,ust-koksa,RU,50.2696,85.6108,47.71,92,100,3.0,overcast clouds
1150,bathsheba,BB,13.2167,-59.5167,80.56,75,39,13.0,scattered clouds
1151,fuengirola,ES,36.54,-4.6247,74.08,77,0,4.61,clear sky
1152,leningradskiy,RU,69.3833,178.4167,34.52,89,59,5.17,broken clouds
1153,kruisfontein,ZA,-34.0033,24.7314,63.03,43,27,6.11,scattered clouds
1154,salalah,OM,17.0151,54.0924,83.17,83,73,9.62,broken clouds
1155,cam ranh,VN,11.9214,109.1591,82.36,65,40,11.5,scattered clouds
1156,port shepstone,ZA,-30.7414,30.455,63.12,71,0,8.97,clear sky
1157,svetlyy,RU,54.675,20.1347,55.45,84,27,3.85,scattered clouds
1158,urumqi,CN,43.801,87.6005,63.55,72,0,2.24,clear sky
1159,la paz,BO,-16.5,-68.15,55.38,46,75,4.61,broken clouds
1160,rongcheng,CN,30.634,117.8517,76.48,87,87,2.48,overcast clouds
1161,portland,US,45.5234,-122.6762,61.99,81,100,1.01,overcast clouds
1162,abu dhabi,AE,24.4667,54.3667,86.27,69,0,4.97,clear sky
1163,vadlapudi,IN,14.3167,79.8,88.74,43,100,13.78,overcast clouds
1164,ambunti,PG,-4.2365,142.8448,74.37,97,33,0.22,scattered clouds
1165,martapura,ID,-3.4167,114.85,75.29,100,40,3.44,scattered clouds
1166,korem,ET,12.5058,39.5228,61.16,27,76,0.65,broken clouds
1167,vila velha,BR,-20.3297,-40.2925,74.16,87,52,5.59,broken clouds
1168,terrace,CA,54.5163,-128.6035,71.42,36,75,3.44,broken clouds
1169,hualmay,PE,-11.0964,-77.6139,66.61,79,20,8.46,few clouds
1170,mozarlandia,BR,-14.7447,-50.5706,77.94,50,8,10.16,clear sky
1171,wukari,NG,7.85,9.7833,77.04,89,100,7.63,light rain
1172,necochea,AR,-38.5473,-58.7368,51.04,61,87,10.18,overcast clouds
1173,bintulu,MY,3.1667,113.0333,76.62,89,100,4.83,overcast clouds
1174,kang,BW,-23.6752,22.7876,54.95,45,0,6.46,clear sky
1175,albert lea,US,43.648,-93.3683,89.71,42,1,5.75,clear sky
1176,ruwi,OM,23.5996,58.5507,86.76,76,0,4.9,clear sky
1177,solnechnyy,RU,50.7214,136.6319,56.71,99,100,4.83,overcast clouds
1178,muisne,EC,0.6,-80.0333,77.36,85,89,10.58,overcast clouds
1179,port townsend,US,48.117,-122.7605,58.91,75,75,21.0,broken clouds
1180,kongolo,CD,-5.3833,27.0,71.73,52,29,4.18,scattered clouds
1181,uruzgan,AF,32.8333,66.0,74.93,10,0,6.91,clear sky
1182,mahroni,IN,24.5862,78.7288,88.39,48,54,11.5,broken clouds
1183,yanam,IN,16.7333,82.2167,76.93,87,100,9.4,moderate rain
1184,vrangel,RU,42.7297,133.0839,58.44,98,93,5.88,overcast clouds
1185,weinan,CN,34.5036,109.5089,78.48,56,100,1.41,overcast clouds
1186,ambovombe,MG,-25.1667,46.0833,65.23,82,10,6.73,clear sky
1187,ayan,RU,56.45,138.1667,43.3,90,100,11.5,light rain
1188,iqaluit,CA,63.7506,-68.5145,40.69,73,0,18.01,clear sky
1189,ust-maya,RU,60.4167,134.5333,61.0,53,19,4.41,few clouds
1190,san jose,US,37.3394,-121.895,82.56,33,1,1.01,clear sky
1191,rudnogorsk,RU,57.2639,103.7519,42.15,55,45,1.97,scattered clouds
1192,pingliang,CN,35.5392,106.6861,65.12,75,100,0.45,overcast clouds
1193,naze,JP,28.3667,129.4833,74.32,88,100,4.72,overcast clouds
1194,kawalu,ID,-7.3817,108.2082,70.23,98,95,1.41,overcast clouds
1195,kirksville,US,40.1948,-92.5833,82.58,69,100,5.01,overcast clouds
1196,dogondoutchi,NE,13.6393,4.0287,98.22,24,55,0.89,broken clouds
1197,dezful,IR,32.3811,48.4058,88.97,11,0,1.7,clear sky
1198,ambulu,ID,-8.345,113.6058,74.89,86,82,2.26,broken clouds
1199,mansehra,PK,34.3333,73.2,76.59,40,0,5.66,clear sky
1200,mabaruma,GY,8.2,-59.7833,77.36,83,11,4.27,few clouds
1201,blatna,CZ,49.4249,13.8818,62.69,99,83,3.6,broken clouds
1202,vilhena,BR,-12.7406,-60.1458,69.73,87,100,6.55,overcast clouds
1203,xai-xai,MZ,-25.0519,33.6442,63.82,81,1,1.7,clear sky
1204,bentiu,SS,9.2333,29.8333,84.18,50,56,4.16,light rain
1205,mpongwe,ZM,-13.5091,28.155,52.74,65,0,5.77,clear sky
1206,dire,ML,12.2833,-10.9667,83.08,56,84,0.54,broken clouds
1207,talcahuano,CL,-36.7167,-73.1167,55.08,100,75,8.05,mist
1208,sao joao da barra,BR,-21.6403,-41.0511,71.83,87,70,14.9,broken clouds
1209,skovorodino,RU,53.9833,123.9167,59.65,74,4,2.57,clear sky
1210,vestmannaeyjar,IS,63.4427,-20.2734,44.56,60,9,30.85,clear sky
1211,khorinsk,RU,52.1657,109.7726,52.27,82,66,3.44,broken clouds
1212,katangli,RU,51.7102,143.2326,52.12,93,100,2.84,light rain
1213,bilma,NE,18.6853,12.9164,94.42,10,2,10.25,clear sky
1214,ascension,US,30.2169,-90.9001,92.26,60,1,6.91,clear sky
1215,byron bay,AU,-28.65,153.6167,54.05,68,15,5.68,few clouds
1216,guilin,CN,25.2819,110.2864,74.68,96,70,3.11,broken clouds
1217,sheopur,IN,25.6667,76.7,96.48,28,77,14.18,broken clouds
1218,sinnamary,GF,5.3833,-52.95,77.32,85,100,4.21,overcast clouds
1219,sao jose do belmonte,BR,-7.8614,-38.7597,75.02,55,4,10.49,clear sky
1220,kandrian,PG,-6.2167,149.55,80.02,84,35,6.64,scattered clouds
1221,tripoli,LY,32.8752,13.1875,70.93,75,0,3.74,clear sky
1222,machico,PT,32.7,-16.7667,74.03,43,20,14.97,few clouds
1223,bainbridge,US,47.6262,-122.5212,59.0,83,100,1.01,light rain
1224,barahona,DO,18.2085,-71.1008,82.31,72,23,8.81,few clouds
1225,rapar,IN,23.5667,70.6333,86.29,70,0,16.64,clear sky
1226,kununurra,AU,-15.7667,128.7333,46.38,87,67,0.0,broken clouds
1227,natal,BR,-5.795,-35.2094,80.82,74,0,12.66,clear sky
1228,dvinskoy,RU,62.1535,45.1175,56.79,56,31,1.95,scattered clouds
1229,ixtapa,MX,20.7,-105.2,88.23,66,20,13.8,few clouds
1230,padilla,CO,3.2204,-76.3139,83.77,78,100,0.94,overcast clouds
1231,ust-tsilma,RU,65.441,52.1498,59.63,54,30,4.45,scattered clouds
1232,shieli,KZ,44.1667,66.75,76.82,23,27,14.0,scattered clouds
1233,sierra vista,US,31.5545,-110.3037,101.35,7,1,4.61,clear sky
1234,edd,ER,13.9297,41.6925,88.34,58,76,6.4,broken clouds
1235,cururupu,BR,-1.8283,-44.8683,74.01,95,82,2.01,heavy intensity rain
1236,gat,IL,31.61,34.7642,74.39,63,0,4.74,clear sky
1237,gamba,GA,-2.65,10.0,76.12,90,99,4.32,overcast clouds
1238,teguldet,RU,57.3064,88.1667,39.56,71,1,3.42,clear sky
1239,yerbogachen,RU,61.2767,108.0108,43.81,66,7,7.27,clear sky
1240,oum hadjer,TD,13.2954,19.6966,97.3,23,37,4.12,scattered clouds
1241,staryy nadym,RU,65.6118,72.6842,53.46,80,100,9.84,overcast clouds
1242,kidal,ML,18.4411,1.4078,96.57,16,44,3.65,scattered clouds
1243,redding,US,40.5865,-122.3917,79.93,23,92,1.99,overcast clouds
1244,pundaguitan,PH,6.3711,126.1689,82.33,73,100,6.69,light rain
1245,lakes entrance,AU,-37.8811,147.981,53.58,94,100,16.55,light rain
1246,gazanjyk,TM,39.2446,55.5154,77.14,48,0,7.29,clear sky
1247,taunggyi,MM,20.7833,97.0333,63.9,94,99,4.47,overcast clouds
1248,alberton,CA,46.8168,-64.0654,55.44,76,85,9.37,heavy intensity rain
1249,hokitika,NZ,-42.7167,170.9667,56.03,83,98,3.87,overcast clouds
1250,don benito,ES,38.9563,-5.8616,78.93,27,35,8.95,scattered clouds
1251,kanniyakumari,IN,8.0833,77.5667,80.26,84,72,19.42,broken clouds
1252,kainantu,PG,-6.2887,145.8655,62.15,87,6,1.48,clear sky
1253,nanortalik,GL,60.1432,-45.2371,36.84,93,99,1.1,overcast clouds
1254,san remo,IT,43.8182,7.7612,70.97,77,7,3.18,clear sky
1255,zhuanghe,CN,39.7008,122.9911,65.71,90,99,3.09,overcast clouds
1256,elko,US,41.0002,-115.5012,77.05,9,44,8.99,scattered clouds
1257,fort saint james,CA,54.4333,-124.25,63.77,29,73,7.07,broken clouds
1258,mocuba,MZ,-16.8392,36.9856,60.3,93,23,1.7,few clouds
1259,ostrovnoy,RU,68.0531,39.5131,61.93,48,7,20.29,clear sky
1260,aksum,ET,14.1245,38.7244,69.03,17,43,5.3,scattered clouds
1261,menomonie,US,44.8755,-91.9193,88.57,54,1,5.75,clear sky
1262,sur,OM,22.5667,59.5289,86.18,71,0,7.65,clear sky
1263,kamsack,CA,51.5667,-101.9009,63.05,97,100,14.76,overcast clouds
1264,itarema,BR,-2.9248,-39.9167,79.14,78,17,10.74,few clouds
1265,dickinson,US,29.4608,-95.0513,96.12,68,20,3.0,few clouds
1266,alyangula,AU,-13.8483,136.4192,71.11,80,34,9.33,scattered clouds
1267,chapais,CA,49.7834,-74.8492,66.92,26,6,9.17,clear sky
1268,vydrino,RU,51.485,104.8461,47.17,84,73,3.58,broken clouds
1269,dalnerechensk,RU,45.9339,133.7225,60.31,97,100,9.17,overcast clouds
1270,herat,AF,34.5,62.0,75.94,23,0,11.07,clear sky
1271,vanavara,RU,60.34,102.2797,41.27,71,13,4.29,few clouds
1272,norrkoping,SE,58.5942,16.1826,66.78,72,20,9.22,few clouds
1273,seoul,KR,37.5683,126.9778,67.39,82,36,2.75,scattered clouds
1274,kilindoni,TZ,-7.9139,39.6668,78.78,65,0,16.96,clear sky
1275,pascagoula,US,30.3658,-88.5561,90.41,68,7,10.76,clear sky
1276,panguipulli,CL,-39.6333,-72.3333,49.59,98,100,1.86,overcast clouds
1277,zyryanka,RU,65.75,150.85,54.55,45,0,3.98,clear sky
1278,lokosovo,RU,61.1333,74.8167,53.87,83,100,6.55,light rain
1279,minot,US,48.2325,-101.2963,69.12,59,90,27.63,overcast clouds
1280,kokstad,ZA,-30.5472,29.4241,47.52,67,0,5.26,clear sky
1281,flin flon,CA,54.7682,-101.865,55.24,94,90,9.22,mist
1282,ust-ilimsk,RU,58.0006,102.6619,42.55,60,6,0.76,clear sky
1283,trincomalee,LK,8.5711,81.2335,81.66,75,99,24.25,overcast clouds
1284,grand gaube,MU,-20.0064,57.6608,75.38,69,97,10.0,light rain
1285,aquiraz,BR,-3.9014,-38.3911,81.18,77,53,8.28,broken clouds
1286,matara,LK,5.9485,80.5353,78.55,88,81,11.16,broken clouds
1287,nurota,UZ,40.5614,65.6886,71.69,24,0,7.14,clear sky
1288,goma,CD,-1.6792,29.2228,62.33,79,12,2.86,few clouds
1289,todos santos,MX,23.45,-110.2167,98.31,49,25,6.62,scattered clouds
1290,mantes-la-ville,FR,48.9737,1.7025,71.85,85,80,4.83,broken clouds
1291,brae,GB,60.3964,-1.353,49.91,81,83,22.79,broken clouds
1292,daru,PG,-9.0763,143.2092,79.27,86,93,10.76,overcast clouds
1293,maarianhamina,AX,60.0973,19.9348,62.46,88,88,12.66,light rain
1294,pisco,PE,-13.7,-76.2167,66.02,81,20,4.47,few clouds
1295,sangod,IN,24.9167,76.2833,89.65,53,70,21.21,broken clouds
1296,pacific grove,US,36.6177,-121.9166,83.16,57,1,5.01,clear sky
1297,barbacoas,CO,1.6715,-78.1398,79.7,86,97,3.87,moderate rain
1298,tiznit,MA,29.5833,-9.5,77.47,29,100,2.48,overcast clouds
1299,viedma,AR,-40.8135,-62.9967,58.89,57,72,10.85,broken clouds
1300,puerto narino,CO,-3.7703,-70.3831,80.22,75,100,2.15,overcast clouds
1301,canico,PT,32.6333,-16.85,74.03,43,20,14.97,few clouds
1302,mersing,MY,2.4312,103.8405,79.23,81,100,4.38,overcast clouds
1303,nabire,ID,-3.3667,135.4833,75.65,90,67,3.42,broken clouds
1304,sinzig,DE,50.55,7.25,71.2,77,86,3.53,overcast clouds
1305,usinsk,RU,65.9939,57.5281,62.04,43,98,11.27,overcast clouds
1306,vardo,NO,70.3705,31.1107,64.6,68,20,17.85,few clouds
1307,sai buri,TH,6.7013,101.6168,77.83,84,100,2.82,heavy intensity rain
1308,kavaratti,IN,10.5669,72.642,83.5,77,100,19.44,overcast clouds
1309,birjand,IR,32.8663,59.2211,75.67,10,0,4.61,clear sky
1310,domoni,KM,-12.2569,44.5319,76.24,71,43,12.91,scattered clouds
1311,touros,BR,-5.1989,-35.4608,77.9,74,47,16.42,scattered clouds
1312,dongzhen,CN,22.3797,110.9389,77.61,86,76,5.5,broken clouds
1313,alexandria,EG,31.2156,29.9553,73.36,78,0,3.44,clear sky
1314,sangar,RU,63.9242,127.4739,48.15,94,100,9.93,light rain
1315,marzuq,YE,14.4,46.4667,81.86,41,96,3.44,overcast clouds
1316,ongwediva,NA,-17.7833,15.7667,58.87,27,0,9.66,clear sky
1317,doka,SD,13.5167,35.7667,84.87,48,69,10.89,broken clouds
1318,bijapur,IN,16.8333,75.7,74.57,81,71,17.83,broken clouds
1319,mugumu,TZ,-1.85,34.7,61.66,86,88,4.74,overcast clouds
1320,moranbah,AU,-22.0016,148.0466,57.58,29,27,7.16,scattered clouds
1321,liverpool,GB,53.4106,-2.9779,61.09,73,99,1.01,overcast clouds
1322,envira,BR,-7.3,-70.2167,81.01,75,13,1.97,few clouds
1323,harper,LR,4.375,-7.7169,77.54,87,87,3.56,light rain
1324,port macquarie,AU,-31.4333,152.9167,49.89,73,35,4.68,scattered clouds
1325,batouri,CM,4.4333,14.3667,68.81,96,100,2.48,light rain
1326,remanso,BR,-9.6179,-42.0831,79.14,52,44,1.16,scattered clouds
1327,princeton,US,25.5384,-80.4089,88.02,72,1,5.75,clear sky
1328,tecoanapa,MX,16.5167,-98.75,81.32,76,97,6.53,overcast clouds
1329,aranos,NA,-24.1333,19.1167,57.72,36,0,13.51,clear sky
1330,vostok,RU,46.4856,135.8833,56.8,98,100,2.44,overcast clouds
1331,vao,NC,-22.6667,167.4833,72.64,75,100,16.15,overcast clouds
1332,pangkalanbuun,ID,-2.6833,111.6167,72.19,98,43,1.1,scattered clouds
1333,antofagasta,CL,-23.65,-70.4,61.12,83,14,4.14,few clouds
1334,acapulco,MX,16.8634,-99.8901,83.93,70,93,10.13,overcast clouds
1335,nicoya,CR,10.1483,-85.452,82.6,78,85,3.8,overcast clouds
1336,bubaque,GW,11.2833,-15.8333,80.17,82,100,12.91,overcast clouds
1337,horn lake,US,34.9554,-90.0348,90.32,70,23,4.0,few clouds
1338,tirano,IT,46.2154,10.1679,65.32,73,14,6.69,few clouds
1339,santa vitoria,BR,-18.8386,-50.1214,70.95,70,87,5.53,overcast clouds
1340,labytnangi,RU,66.6572,66.4183,56.59,73,100,10.11,overcast clouds
1341,buala,SB,-8.145,159.5921,82.38,76,72,12.86,broken clouds
1342,oranjestad,AW,12.524,-70.027,84.9,75,89,8.99,overcast clouds
1343,port augusta,AU,-32.5,137.7667,43.7,85,52,5.5,broken clouds
1344,tautira,PF,-17.7333,-149.15,78.82,82,100,10.4,moderate rain
1345,point fortin,TT,10.1833,-61.6833,82.89,74,98,5.95,overcast clouds
1346,panlaitan,PH,12.1191,119.8486,82.35,77,100,5.84,overcast clouds
1347,tukrah,LY,32.5341,20.5791,70.7,76,0,6.31,clear sky
1348,oranjemund,NA,-28.55,16.4333,62.73,50,79,3.06,broken clouds
1349,hong gai,VN,20.956,107.0946,80.51,91,99,4.61,moderate rain
1350,rodrigues alves,BR,-7.738,-72.6509,75.13,94,89,0.25,overcast clouds
1351,la plata,AR,-34.9215,-57.9545,57.94,58,100,9.31,overcast clouds
1352,bredy,RU,52.4153,60.3411,59.92,48,94,12.37,overcast clouds
1353,arlit,NE,18.7369,7.3853,93.4,11,0,9.91,clear sky
1354,kamina,CD,-8.7386,24.9906,62.64,57,1,3.36,clear sky
1355,biak,ID,-0.9131,122.8766,76.35,81,28,4.5,scattered clouds
1356,matay,EG,28.419,30.7792,86.88,23,0,7.47,clear sky
1357,fort-shevchenko,KZ,44.5086,50.263,73.04,73,78,11.54,broken clouds
1358,nemuro,JP,43.3236,145.575,54.1,93,100,17.18,overcast clouds
1359,batemans bay,AU,-35.7167,150.1833,52.2,66,77,7.47,broken clouds
